Asia/Riyadh,Open,High,Low,Close,Volume
2026-06-04T03:00:00+03:00,1.1609,1.1611,1.16079,1.16089,346950000
2026-06-04T03:01:00+03:00,1.16088,1.16092,1.16078,1.16082,150300000
2026-06-04T03:02:00+03:00,1.1608,1.16094,1.1608,1.16082,99000000
2026-06-04T03:03:00+03:00,1.16083,1.16085,1.16075,1.16079,51750000
2026-06-04T03:04:00+03:00,1.16079,1.16085,1.16068,1.16084,58950000
2026-06-04T03:05:00+03:00,1.16081,1.16086,1.16075,1.16082,93820000
2026-06-04T03:06:00+03:00,1.16081,1.16081,1.16067,1.16073,88200000
2026-06-04T03:07:00+03:00,1.16074,1.16076,1.16068,1.16068,39600000
2026-06-04T03:08:00+03:00,1.16068,1.16073,1.16064,1.16067,78750000
2026-06-04T03:09:00+03:00,1.16067,1.16067,1.16054,1.16057,51300000
2026-06-04T03:10:00+03:00,1.16057,1.16064,1.16054,1.16063,69300000
2026-06-04T03:11:00+03:00,1.16063,1.16085,1.16062,1.16077,99000000
2026-06-04T03:12:00+03:00,1.16078,1.1608,1.16074,1.16078,43200000
2026-06-04T03:13:00+03:00,1.16077,1.16083,1.16074,1.16083,48150000
2026-06-04T03:14:00+03:00,1.16081,1.16085,1.16077,1.16085,40950000
2026-06-04T03:15:00+03:00,1.16083,1.16095,1.16074,1.16094,65700000
2026-06-04T03:16:00+03:00,1.16094,1.16098,1.1609,1.16095,63000000
2026-06-04T03:17:00+03:00,1.16096,1.16125,1.16094,1.16115,116550000
2026-06-04T03:18:00+03:00,1.16114,1.16116,1.1611,1.16111,37350000
2026-06-04T03:19:00+03:00,1.16111,1.16113,1.1611,1.1611,64800000
2026-06-04T03:20:00+03:00,1.16111,1.16118,1.16106,1.16111,70200000
2026-06-04T03:21:00+03:00,1.1611,1.1611,1.16094,1.161,58950000
2026-06-04T03:22:00+03:00,1.161,1.16102,1.16094,1.161,77850000
2026-06-04T03:23:00+03:00,1.16099,1.161,1.16098,1.161,20700000
2026-06-04T03:24:00+03:00,1.161,1.16104,1.16097,1.16097,36900000
2026-06-04T03:25:00+03:00,1.16098,1.16099,1.16089,1.16094,69750000
2026-06-04T03:26:00+03:00,1.16095,1.16097,1.16091,1.16094,91350000
2026-06-04T03:27:00+03:00,1.16094,1.16094,1.16087,1.16093,45000000
2026-06-04T03:28:00+03:00,1.16092,1.16097,1.16088,1.16092,69750000
2026-06-04T03:29:00+03:00,1.16092,1.16095,1.16087,1.16094,62100000
2026-06-04T03:30:00+03:00,1.16094,1.16095,1.1608,1.16083,87300000
2026-06-04T03:31:00+03:00,1.16083,1.16093,1.16082,1.16088,63000000
2026-06-04T03:32:00+03:00,1.16089,1.16091,1.16083,1.1609,48150000
2026-06-04T03:33:00+03:00,1.16089,1.161,1.16089,1.16099,37350000
2026-06-04T03:34:00+03:00,1.16098,1.16102,1.16096,1.16101,32400000
2026-06-04T03:35:00+03:00,1.16099,1.16102,1.16096,1.16099,103500000
2026-06-04T03:36:00+03:00,1.16098,1.16103,1.16096,1.16101,54900000
2026-06-04T03:37:00+03:00,1.16099,1.16103,1.16098,1.16099,68850000
2026-06-04T03:38:00+03:00,1.16099,1.161,1.16092,1.16097,49050000
2026-06-04T03:39:00+03:00,1.16096,1.16104,1.16095,1.16097,86850000
2026-06-04T03:40:00+03:00,1.16096,1.16099,1.16091,1.16099,41850000
2026-06-04T03:41:00+03:00,1.16098,1.161,1.16095,1.16098,51300000
2026-06-04T03:42:00+03:00,1.16099,1.16105,1.16096,1.16104,40050000
2026-06-04T03:43:00+03:00,1.16104,1.16115,1.16104,1.16113,50850000
2026-06-04T03:44:00+03:00,1.16114,1.16119,1.16107,1.16112,40050000
2026-06-04T03:45:00+03:00,1.16113,1.16115,1.16108,1.16109,36000000
2026-06-04T03:46:00+03:00,1.16109,1.1611,1.16099,1.16103,43650000
2026-06-04T03:47:00+03:00,1.16102,1.16111,1.16099,1.16109,43200000
2026-06-04T03:48:00+03:00,1.16109,1.16109,1.16099,1.16101,30150000
2026-06-04T03:49:00+03:00,1.161,1.16102,1.16098,1.16102,30150000
2026-06-04T03:50:00+03:00,1.16101,1.16105,1.16092,1.16093,84600000
2026-06-04T03:51:00+03:00,1.16094,1.16095,1.16089,1.16089,35550000
2026-06-04T03:52:00+03:00,1.16089,1.1609,1.16083,1.16089,48150000
2026-06-04T03:53:00+03:00,1.16089,1.16092,1.16085,1.16085,49500000
2026-06-04T03:54:00+03:00,1.16084,1.16088,1.16079,1.16079,55800000
2026-06-04T03:55:00+03:00,1.16079,1.16079,1.16061,1.16064,64800000
2026-06-04T03:56:00+03:00,1.16062,1.16064,1.16058,1.1606,55350000
2026-06-04T03:57:00+03:00,1.16059,1.16063,1.16058,1.16058,17550000
2026-06-04T03:58:00+03:00,1.1606,1.16064,1.16057,1.16064,30600000
2026-06-04T03:59:00+03:00,1.16067,1.16069,1.1606,1.16066,38700000
2026-06-04T04:00:00+03:00,1.16067,1.16067,1.1604,1.16048,119700000
2026-06-04T04:01:00+03:00,1.16048,1.16054,1.16041,1.16048,40950000
2026-06-04T04:02:00+03:00,1.16049,1.16054,1.16042,1.16045,45900000
2026-06-04T04:03:00+03:00,1.16044,1.16056,1.16044,1.16045,89100000
2026-06-04T04:04:00+03:00,1.16047,1.16047,1.16039,1.16043,39150000
2026-06-04T04:05:00+03:00,1.16042,1.16058,1.16042,1.16056,63450000
2026-06-04T04:06:00+03:00,1.16057,1.1606,1.16054,1.1606,47700000
2026-06-04T04:07:00+03:00,1.1606,1.16063,1.16054,1.16063,33750000
2026-06-04T04:08:00+03:00,1.16062,1.16065,1.1606,1.16063,31950000
2026-06-04T04:09:00+03:00,1.16064,1.16067,1.16063,1.16064,11250000
2026-06-04T04:10:00+03:00,1.16066,1.16073,1.1606,1.16064,94500000
2026-06-04T04:11:00+03:00,1.16063,1.16066,1.1606,1.16063,41850000
2026-06-04T04:12:00+03:00,1.16064,1.16067,1.16062,1.16063,23400000
2026-06-04T04:13:00+03:00,1.16064,1.16073,1.16062,1.16073,48600000
2026-06-04T04:14:00+03:00,1.16071,1.16072,1.16063,1.16063,74700000
2026-06-04T04:15:00+03:00,1.16061,1.16064,1.16052,1.16053,131400000
2026-06-04T04:16:00+03:00,1.16054,1.16063,1.16054,1.1606,49500000
2026-06-04T04:17:00+03:00,1.1606,1.16065,1.1606,1.16064,36000000
2026-06-04T04:18:00+03:00,1.16064,1.16073,1.16064,1.16069,62550000
2026-06-04T04:19:00+03:00,1.16069,1.1607,1.16066,1.1607,26100000
2026-06-04T04:20:00+03:00,1.16071,1.16078,1.16071,1.16075,50400000
2026-06-04T04:21:00+03:00,1.16076,1.16077,1.16071,1.16071,49950000
2026-06-04T04:22:00+03:00,1.16073,1.16083,1.16073,1.16082,29700000
2026-06-04T04:23:00+03:00,1.16081,1.16085,1.16077,1.16083,57150000
2026-06-04T04:24:00+03:00,1.16083,1.16083,1.16072,1.16073,126000000
2026-06-04T04:25:00+03:00,1.16073,1.16075,1.16072,1.16074,20700000
2026-06-04T04:26:00+03:00,1.16072,1.16074,1.1607,1.1607,19800000
2026-06-04T04:27:00+03:00,1.1607,1.16073,1.16068,1.16073,42300000
2026-06-04T04:28:00+03:00,1.16072,1.16075,1.16068,1.16075,29250000
2026-06-04T04:29:00+03:00,1.16076,1.16083,1.16072,1.16077,62550000
2026-06-04T04:30:00+03:00,1.16078,1.16088,1.16078,1.16086,78300000
2026-06-04T04:31:00+03:00,1.16086,1.16087,1.16077,1.16084,76500000
2026-06-04T04:32:00+03:00,1.16083,1.16083,1.16077,1.16077,39600000
2026-06-04T04:33:00+03:00,1.16077,1.16082,1.16073,1.16082,49500000
2026-06-04T04:34:00+03:00,1.16082,1.16084,1.16079,1.16081,61650000
2026-06-04T04:35:00+03:00,1.16081,1.16099,1.16079,1.16097,95400000
2026-06-04T04:36:00+03:00,1.16099,1.16101,1.16093,1.16094,59850000
2026-06-04T04:37:00+03:00,1.16094,1.16095,1.16087,1.16088,32850000
2026-06-04T04:38:00+03:00,1.16089,1.1609,1.16086,1.1609,31500000
2026-06-04T04:39:00+03:00,1.1609,1.16092,1.16088,1.1609,31500000
2026-06-04T04:40:00+03:00,1.16088,1.16092,1.16085,1.16087,43200000
2026-06-04T04:41:00+03:00,1.16089,1.16089,1.16075,1.16075,76950000
2026-06-04T04:42:00+03:00,1.16077,1.16084,1.16075,1.16083,42750000
2026-06-04T04:43:00+03:00,1.16083,1.16084,1.16072,1.16072,62100000
2026-06-04T04:44:00+03:00,1.16073,1.16078,1.1607,1.16076,93580000
2026-06-04T04:45:00+03:00,1.16079,1.16083,1.16077,1.16083,41400000
2026-06-04T04:46:00+03:00,1.16083,1.16084,1.16073,1.16077,37350000
2026-06-04T04:47:00+03:00,1.16077,1.16083,1.16076,1.16082,17100000
2026-06-04T04:48:00+03:00,1.16082,1.1609,1.1608,1.16088,37800000
2026-06-04T04:49:00+03:00,1.16089,1.1609,1.16088,1.16089,23400000
2026-06-04T04:50:00+03:00,1.16089,1.16089,1.1608,1.16081,46800000
2026-06-04T04:51:00+03:00,1.16082,1.16082,1.16077,1.16078,72900000
2026-06-04T04:52:00+03:00,1.16078,1.1608,1.16074,1.16076,47250000
2026-06-04T04:53:00+03:00,1.16078,1.1608,1.16077,1.16077,29700000
2026-06-04T04:54:00+03:00,1.16078,1.16082,1.16077,1.16079,44550000
2026-06-04T04:55:00+03:00,1.16078,1.16088,1.16078,1.16086,50400000
2026-06-04T04:56:00+03:00,1.16085,1.16089,1.16083,1.16087,26100000
2026-06-04T04:57:00+03:00,1.16088,1.1609,1.16082,1.16088,72900000
2026-06-04T04:58:00+03:00,1.16087,1.16092,1.16086,1.16092,50400000
2026-06-04T04:59:00+03:00,1.16093,1.16098,1.16092,1.16094,37350000
2026-06-04T05:00:00+03:00,1.16094,1.16097,1.16083,1.16086,82350000
2026-06-04T05:01:00+03:00,1.16085,1.16089,1.16084,1.16088,70200000
2026-06-04T05:02:00+03:00,1.16088,1.16091,1.16082,1.16082,61200000
2026-06-04T05:03:00+03:00,1.16082,1.16087,1.16082,1.16087,53100000
2026-06-04T05:04:00+03:00,1.16087,1.1609,1.16083,1.16085,54450000
2026-06-04T05:05:00+03:00,1.16086,1.16092,1.16084,1.16091,64350000
2026-06-04T05:06:00+03:00,1.16091,1.16094,1.16091,1.16093,17100000
2026-06-04T05:07:00+03:00,1.16092,1.16102,1.16092,1.16101,48150000
2026-06-04T05:08:00+03:00,1.161,1.16102,1.16097,1.16099,52200000
2026-06-04T05:09:00+03:00,1.161,1.161,1.16089,1.16089,107100000
2026-06-04T05:10:00+03:00,1.1609,1.16091,1.16084,1.16088,135000000
2026-06-04T05:11:00+03:00,1.16088,1.16088,1.16083,1.16086,93150000
2026-06-04T05:12:00+03:00,1.16086,1.16086,1.16083,1.16083,35100000
2026-06-04T05:13:00+03:00,1.16081,1.16086,1.16078,1.16078,41400000
2026-06-04T05:14:00+03:00,1.16079,1.16081,1.16076,1.16076,30600000
2026-06-04T05:15:00+03:00,1.16076,1.16077,1.16062,1.16068,78750000
2026-06-04T05:16:00+03:00,1.16067,1.16069,1.16065,1.16068,23400000
2026-06-04T05:17:00+03:00,1.16068,1.16072,1.16066,1.16068,68850000
2026-06-04T05:18:00+03:00,1.16069,1.16072,1.16067,1.16071,42300000
2026-06-04T05:19:00+03:00,1.1607,1.1607,1.16064,1.16068,30600000
2026-06-04T05:20:00+03:00,1.16068,1.16076,1.16067,1.16073,86400000
2026-06-04T05:21:00+03:00,1.16072,1.16075,1.16071,1.16073,55800000
2026-06-04T05:22:00+03:00,1.16073,1.16076,1.16068,1.1607,24750000
2026-06-04T05:23:00+03:00,1.1607,1.16074,1.16068,1.16073,34200000
2026-06-04T05:24:00+03:00,1.16072,1.16072,1.16067,1.16068,18000000
2026-06-04T05:25:00+03:00,1.16066,1.16069,1.16066,1.16066,24300000
2026-06-04T05:26:00+03:00,1.16069,1.16078,1.16068,1.16077,28800000
2026-06-04T05:27:00+03:00,1.16078,1.16078,1.16075,1.16076,31050000
2026-06-04T05:28:00+03:00,1.16078,1.1608,1.16072,1.16072,55350000
2026-06-04T05:29:00+03:00,1.16072,1.16078,1.16072,1.16076,31050000
2026-06-04T05:30:00+03:00,1.16077,1.16083,1.16077,1.16079,36450000
2026-06-04T05:31:00+03:00,1.16078,1.16082,1.16075,1.16076,62550000
2026-06-04T05:32:00+03:00,1.16076,1.16081,1.16076,1.16081,53100000
2026-06-04T05:33:00+03:00,1.16082,1.16082,1.16079,1.16082,22050000
2026-06-04T05:34:00+03:00,1.16081,1.16081,1.16077,1.16078,18000000
2026-06-04T05:35:00+03:00,1.16076,1.16081,1.16076,1.16077,19800000
2026-06-04T05:36:00+03:00,1.16077,1.16083,1.16077,1.16079,19350000
2026-06-04T05:37:00+03:00,1.1608,1.16082,1.16078,1.16079,18450000
2026-06-04T05:38:00+03:00,1.16078,1.16089,1.16078,1.16088,24750000
2026-06-04T05:39:00+03:00,1.16089,1.16091,1.16088,1.16089,40500000
2026-06-04T05:40:00+03:00,1.16088,1.16093,1.16088,1.16093,19350000
2026-06-04T05:41:00+03:00,1.16093,1.16094,1.16091,1.16094,29700000
2026-06-04T05:42:00+03:00,1.16092,1.16094,1.16091,1.16093,26100000
2026-06-04T05:43:00+03:00,1.1609,1.16094,1.1609,1.16093,21150000
2026-06-04T05:44:00+03:00,1.16093,1.16093,1.1609,1.16092,34200000
2026-06-04T05:45:00+03:00,1.16092,1.16097,1.16092,1.16097,40500000
2026-06-04T05:46:00+03:00,1.16096,1.16099,1.16095,1.16096,31950000
2026-06-04T05:47:00+03:00,1.16095,1.16097,1.16095,1.16097,2700000
2026-06-04T05:48:00+03:00,1.16097,1.16104,1.16097,1.16104,47250000
2026-06-04T05:49:00+03:00,1.16106,1.16108,1.16104,1.16107,20700000
2026-06-04T05:50:00+03:00,1.16107,1.16108,1.16106,1.16106,3600000
2026-06-04T05:51:00+03:00,1.16106,1.16111,1.16105,1.16111,27000000
2026-06-04T05:52:00+03:00,1.16111,1.16111,1.16105,1.16106,17100000
2026-06-04T05:53:00+03:00,1.16106,1.16107,1.16101,1.16102,27900000
2026-06-04T05:54:00+03:00,1.16102,1.16105,1.161,1.16105,16200000
2026-06-04T05:55:00+03:00,1.16107,1.16107,1.16101,1.16103,37350000
2026-06-04T05:56:00+03:00,1.16103,1.1611,1.16103,1.16108,21600000
2026-06-04T05:57:00+03:00,1.16108,1.16108,1.16101,1.16101,27900000
2026-06-04T05:58:00+03:00,1.161,1.16102,1.16099,1.161,19800000
2026-06-04T05:59:00+03:00,1.16099,1.16101,1.16098,1.16101,15300000
2026-06-04T06:00:00+03:00,1.16101,1.16101,1.16084,1.16084,32850000
2026-06-04T06:01:00+03:00,1.16086,1.16091,1.16084,1.16088,23400000
2026-06-04T06:02:00+03:00,1.16087,1.16087,1.16078,1.1608,33750000
2026-06-04T06:03:00+03:00,1.16079,1.1608,1.16077,1.16077,11700000
2026-06-04T06:04:00+03:00,1.16076,1.16082,1.16076,1.16082,29250000
2026-06-04T06:05:00+03:00,1.16082,1.16086,1.16082,1.16086,23400000
2026-06-04T06:06:00+03:00,1.16083,1.16086,1.1608,1.1608,36000000
2026-06-04T06:07:00+03:00,1.1608,1.1608,1.16072,1.16076,45000000
2026-06-04T06:08:00+03:00,1.16076,1.16076,1.16066,1.16066,12600000
2026-06-04T06:09:00+03:00,1.16066,1.16066,1.16061,1.16064,21600000
2026-06-04T06:10:00+03:00,1.16062,1.16067,1.16062,1.16065,24300000
2026-06-04T06:11:00+03:00,1.16064,1.16064,1.16054,1.16054,43200000
2026-06-04T06:12:00+03:00,1.16054,1.16055,1.16048,1.16049,18900000
2026-06-04T06:13:00+03:00,1.1605,1.16051,1.16043,1.16045,31950000
2026-06-04T06:14:00+03:00,1.16044,1.16045,1.16039,1.16043,33750000
2026-06-04T06:15:00+03:00,1.16045,1.16053,1.16045,1.16046,32850000
2026-06-04T06:16:00+03:00,1.16047,1.16051,1.16047,1.1605,18900000
2026-06-04T06:17:00+03:00,1.16051,1.16055,1.16051,1.16052,11250000
2026-06-04T06:18:00+03:00,1.16055,1.16056,1.16053,1.16055,9000000
2026-06-04T06:19:00+03:00,1.16056,1.16061,1.16055,1.16061,25200000
2026-06-04T06:20:00+03:00,1.1606,1.16062,1.16059,1.1606,10350000
2026-06-04T06:21:00+03:00,1.1606,1.1606,1.16056,1.16057,9000000
2026-06-04T06:22:00+03:00,1.16058,1.1606,1.1605,1.1605,8100000
2026-06-04T06:23:00+03:00,1.16049,1.16051,1.16048,1.16049,11700000
2026-06-04T06:24:00+03:00,1.16048,1.1605,1.16044,1.16045,17100000
2026-06-04T06:25:00+03:00,1.16042,1.16042,1.16034,1.16034,30600000
2026-06-04T06:26:00+03:00,1.16034,1.16034,1.16024,1.16027,47700000
2026-06-04T06:27:00+03:00,1.16026,1.16032,1.16026,1.16029,29700000
2026-06-04T06:28:00+03:00,1.16031,1.16033,1.1603,1.16032,11250000
2026-06-04T06:29:00+03:00,1.1603,1.16035,1.1603,1.16035,35550000
2026-06-04T06:30:00+03:00,1.16033,1.16037,1.16029,1.1603,49050000
2026-06-04T06:31:00+03:00,1.16032,1.16044,1.1603,1.16041,33300000
2026-06-04T06:32:00+03:00,1.16041,1.16045,1.16038,1.16038,45000000
2026-06-04T06:33:00+03:00,1.16038,1.16044,1.16038,1.16044,20700000
2026-06-04T06:34:00+03:00,1.16047,1.16047,1.16044,1.16044,9900000
2026-06-04T06:35:00+03:00,1.16043,1.16043,1.16037,1.16042,30600000
2026-06-04T06:36:00+03:00,1.16043,1.16049,1.16043,1.16048,38700000
2026-06-04T06:37:00+03:00,1.16046,1.16046,1.16042,1.16043,20700000
2026-06-04T06:38:00+03:00,1.16044,1.16044,1.16043,1.16044,3600000
2026-06-04T06:39:00+03:00,1.16043,1.16043,1.16038,1.1604,24300000
2026-06-04T06:40:00+03:00,1.16038,1.1604,1.16026,1.16032,37350000
2026-06-04T06:41:00+03:00,1.16033,1.16034,1.16027,1.16028,47700000
2026-06-04T06:42:00+03:00,1.16029,1.16034,1.16026,1.16033,41400000
2026-06-04T06:43:00+03:00,1.16035,1.16035,1.16034,1.16034,8100000
2026-06-04T06:44:00+03:00,1.16035,1.16036,1.16033,1.16033,12600000
2026-06-04T06:45:00+03:00,1.16033,1.16033,1.16031,1.16031,12150000
2026-06-04T06:46:00+03:00,1.16032,1.16034,1.16029,1.16029,27000000
2026-06-04T06:47:00+03:00,1.16031,1.16031,1.16028,1.1603,11700000
2026-06-04T06:48:00+03:00,1.16032,1.16032,1.16027,1.16029,20700000
2026-06-04T06:49:00+03:00,1.1603,1.16034,1.16028,1.16034,13500000
2026-06-04T06:50:00+03:00,1.16035,1.16046,1.16034,1.16042,30600000
2026-06-04T06:51:00+03:00,1.16042,1.16043,1.1604,1.16041,14400000
2026-06-04T06:52:00+03:00,1.16042,1.16047,1.16041,1.16046,23400000
2026-06-04T06:53:00+03:00,1.16045,1.16049,1.16045,1.16049,27000000
2026-06-04T06:54:00+03:00,1.16048,1.16051,1.16044,1.16044,19800000
2026-06-04T06:55:00+03:00,1.16046,1.16053,1.16046,1.16053,11700000
2026-06-04T06:56:00+03:00,1.16052,1.16052,1.16048,1.1605,9900000
2026-06-04T06:57:00+03:00,1.16052,1.16057,1.16052,1.16056,7200000
2026-06-04T06:58:00+03:00,1.16054,1.16059,1.16054,1.16059,9000000
2026-06-04T06:59:00+03:00,1.1606,1.16061,1.1606,1.1606,13500000
2026-06-04T07:00:00+03:00,1.1606,1.1606,1.16053,1.16054,13500000
2026-06-04T07:01:00+03:00,1.16055,1.16057,1.16055,1.16057,13500000
2026-06-04T07:02:00+03:00,1.16057,1.16059,1.16054,1.16054,21600000
2026-06-04T07:03:00+03:00,1.16052,1.16053,1.16048,1.16048,47250000
2026-06-04T07:04:00+03:00,1.16048,1.16055,1.16047,1.16051,27900000
2026-06-04T07:05:00+03:00,1.16053,1.16053,1.16051,1.16053,17100000
2026-06-04T07:06:00+03:00,1.16052,1.16053,1.16051,1.16051,15300000
2026-06-04T07:07:00+03:00,1.16052,1.16054,1.16052,1.16052,16200000
2026-06-04T07:08:00+03:00,1.1605,1.16051,1.16049,1.16051,9900000
2026-06-04T07:09:00+03:00,1.1605,1.1605,1.16044,1.16044,14400000
2026-06-04T07:10:00+03:00,1.16047,1.16048,1.16047,1.16048,5400000
2026-06-04T07:11:00+03:00,1.1605,1.16054,1.16045,1.16046,36900000
2026-06-04T07:12:00+03:00,1.16046,1.16046,1.16039,1.16041,34200000
2026-06-04T07:13:00+03:00,1.16043,1.16044,1.16042,1.16043,26100000
2026-06-04T07:14:00+03:00,1.16042,1.16044,1.16042,1.16044,19800000
2026-06-04T07:15:00+03:00,1.16043,1.16052,1.16043,1.16051,29700000
2026-06-04T07:16:00+03:00,1.1605,1.16052,1.1605,1.16052,9900000
2026-06-04T07:17:00+03:00,1.16053,1.16053,1.16049,1.16049,15300000
2026-06-04T07:18:00+03:00,1.16048,1.16052,1.16048,1.16052,15300000
2026-06-04T07:19:00+03:00,1.16052,1.16055,1.16051,1.16054,33750000
2026-06-04T07:20:00+03:00,1.16055,1.16055,1.1605,1.16053,51300000
2026-06-04T07:21:00+03:00,1.16055,1.16055,1.16053,1.16054,4500000
2026-06-04T07:22:00+03:00,1.16052,1.16055,1.1605,1.16054,11250000
2026-06-04T07:23:00+03:00,1.16055,1.16055,1.1605,1.16051,27900000
2026-06-04T07:24:00+03:00,1.16052,1.16052,1.1605,1.1605,11700000
2026-06-04T07:25:00+03:00,1.1605,1.16055,1.1605,1.16055,33300000
2026-06-04T07:26:00+03:00,1.16054,1.16054,1.16054,1.16054,8100000
2026-06-04T07:27:00+03:00,1.16054,1.16055,1.16052,1.16052,27000000
2026-06-04T07:28:00+03:00,1.16053,1.16054,1.16053,1.16054,61200000
2026-06-04T07:29:00+03:00,1.16054,1.1606,1.16054,1.16058,16200000
2026-06-04T07:30:00+03:00,1.16058,1.16068,1.16058,1.16067,44100000
2026-06-04T07:31:00+03:00,1.16066,1.16073,1.16066,1.16069,69300000
2026-06-04T07:32:00+03:00,1.1607,1.16072,1.16067,1.16067,30600000
2026-06-04T07:33:00+03:00,1.16066,1.1607,1.16066,1.1607,3600000
2026-06-04T07:34:00+03:00,1.1607,1.16129,1.1607,1.1609,483750000
2026-06-04T07:35:00+03:00,1.16089,1.16092,1.16083,1.16092,92250000
2026-06-04T07:36:00+03:00,1.16091,1.16098,1.16087,1.16094,93600000
2026-06-04T07:37:00+03:00,1.16094,1.16095,1.16088,1.16088,56250000
2026-06-04T07:38:00+03:00,1.16089,1.16089,1.16082,1.16083,53550000
2026-06-04T07:39:00+03:00,1.16086,1.16093,1.16086,1.16089,85950000
2026-06-04T07:40:00+03:00,1.1609,1.16102,1.16088,1.16101,106200000
2026-06-04T07:41:00+03:00,1.16101,1.16102,1.16094,1.16102,49500000
2026-06-04T07:42:00+03:00,1.16103,1.16104,1.16101,1.16101,31950000
2026-06-04T07:43:00+03:00,1.16101,1.16108,1.16101,1.16108,31950000
2026-06-04T07:44:00+03:00,1.16106,1.1611,1.16103,1.1611,51300000
2026-06-04T07:45:00+03:00,1.1611,1.16125,1.16101,1.16102,73800000
2026-06-04T07:46:00+03:00,1.16102,1.16104,1.16097,1.16099,32400000
2026-06-04T07:47:00+03:00,1.161,1.161,1.16096,1.16097,18000000
2026-06-04T07:48:00+03:00,1.16095,1.16095,1.16094,1.16094,4500000
2026-06-04T07:49:00+03:00,1.16096,1.16098,1.16095,1.16096,8100000
2026-06-04T07:50:00+03:00,1.16094,1.16099,1.16092,1.16095,33750000
2026-06-04T07:51:00+03:00,1.16095,1.16095,1.16085,1.16086,16650000
2026-06-04T07:52:00+03:00,1.16086,1.16087,1.16086,1.16087,7200000
2026-06-04T07:53:00+03:00,1.16089,1.16092,1.16089,1.16091,15300000
2026-06-04T07:54:00+03:00,1.1609,1.1609,1.16083,1.16085,11700000
2026-06-04T07:55:00+03:00,1.16087,1.16093,1.16087,1.16093,5400000
2026-06-04T07:56:00+03:00,1.16092,1.16098,1.16092,1.16096,29250000
2026-06-04T07:57:00+03:00,1.16096,1.16097,1.16091,1.16095,18450000
2026-06-04T07:58:00+03:00,1.16094,1.16095,1.16091,1.16094,37800000
2026-06-04T07:59:00+03:00,1.16094,1.16099,1.16094,1.16096,20700000
2026-06-04T08:00:00+03:00,1.16095,1.16101,1.16093,1.16093,48150000
2026-06-04T08:01:00+03:00,1.16094,1.161,1.16092,1.161,33750000
2026-06-04T08:02:00+03:00,1.16098,1.16104,1.16098,1.161,35100000
2026-06-04T08:03:00+03:00,1.16098,1.16098,1.16092,1.16094,32400000
2026-06-04T08:04:00+03:00,1.16094,1.16094,1.16088,1.16091,18000000
2026-06-04T08:05:00+03:00,1.16092,1.16099,1.16092,1.16095,58050000
2026-06-04T08:06:00+03:00,1.16095,1.16099,1.16093,1.16093,44100000
2026-06-04T08:07:00+03:00,1.16094,1.161,1.16091,1.16097,38250000
2026-06-04T08:08:00+03:00,1.16096,1.16096,1.16087,1.16093,45900000
2026-06-04T08:09:00+03:00,1.16091,1.16091,1.16083,1.16085,28350000
2026-06-04T08:10:00+03:00,1.16085,1.16085,1.1608,1.1608,18900000
2026-06-04T08:11:00+03:00,1.1608,1.1608,1.16077,1.16078,25200000
2026-06-04T08:12:00+03:00,1.1608,1.1608,1.16073,1.16073,24300000
2026-06-04T08:13:00+03:00,1.16074,1.1608,1.16074,1.16078,45000000
2026-06-04T08:14:00+03:00,1.1608,1.16085,1.16079,1.16084,13500000
2026-06-04T08:15:00+03:00,1.16081,1.16081,1.16077,1.16079,27900000
2026-06-04T08:16:00+03:00,1.16079,1.16084,1.16077,1.16082,32400000
2026-06-04T08:17:00+03:00,1.16084,1.16091,1.16083,1.1609,15750000
2026-06-04T08:18:00+03:00,1.1609,1.1609,1.16078,1.16079,42300000
2026-06-04T08:19:00+03:00,1.1608,1.16082,1.1608,1.1608,7200000
2026-06-04T08:20:00+03:00,1.16079,1.1608,1.16075,1.16075,31950000
2026-06-04T08:21:00+03:00,1.16077,1.16079,1.1607,1.1607,36900000
2026-06-04T08:22:00+03:00,1.16069,1.1607,1.16065,1.16065,13950000
2026-06-04T08:23:00+03:00,1.16067,1.16067,1.16057,1.1606,52200000
2026-06-04T08:24:00+03:00,1.1606,1.16064,1.16059,1.16061,22050000
2026-06-04T08:25:00+03:00,1.16059,1.16059,1.16054,1.16057,25200000
2026-06-04T08:26:00+03:00,1.16057,1.1606,1.16056,1.16057,35100000
2026-06-04T08:27:00+03:00,1.16056,1.16058,1.16054,1.16058,19800000
2026-06-04T08:28:00+03:00,1.16059,1.1606,1.16057,1.16058,29700000
2026-06-04T08:29:00+03:00,1.1606,1.16062,1.16057,1.16057,29700000
2026-06-04T08:30:00+03:00,1.16057,1.1606,1.16054,1.16059,68400000
2026-06-04T08:31:00+03:00,1.1606,1.16063,1.16056,1.16062,61650000
2026-06-04T08:32:00+03:00,1.16063,1.16064,1.16052,1.16052,37800000
2026-06-04T08:33:00+03:00,1.16054,1.16059,1.16053,1.16058,25200000
2026-06-04T08:34:00+03:00,1.1606,1.16069,1.1606,1.16063,36900000
2026-06-04T08:35:00+03:00,1.16064,1.16064,1.16059,1.16064,17100000
2026-06-04T08:36:00+03:00,1.16061,1.16067,1.1606,1.16063,27900000
2026-06-04T08:37:00+03:00,1.16064,1.16074,1.16064,1.16072,25200000
2026-06-04T08:38:00+03:00,1.16071,1.16074,1.16069,1.16071,40500000
2026-06-04T08:39:00+03:00,1.16071,1.16072,1.16066,1.16067,18450000
2026-06-04T08:40:00+03:00,1.16066,1.16078,1.16065,1.16077,25200000
2026-06-04T08:41:00+03:00,1.16077,1.16085,1.16077,1.16083,58950000
2026-06-04T08:42:00+03:00,1.16083,1.16086,1.16082,1.16085,25200000
2026-06-04T08:43:00+03:00,1.16085,1.16088,1.16081,1.16083,52200000
2026-06-04T08:44:00+03:00,1.16081,1.16083,1.16081,1.16082,38250000
2026-06-04T08:45:00+03:00,1.16082,1.16085,1.16076,1.16079,54450000
2026-06-04T08:46:00+03:00,1.16082,1.16082,1.16074,1.16076,39600000
2026-06-04T08:47:00+03:00,1.16078,1.16079,1.16076,1.16077,23400000
2026-06-04T08:48:00+03:00,1.16077,1.16084,1.16076,1.16083,27900000
2026-06-04T08:49:00+03:00,1.16081,1.16081,1.16078,1.16079,20250000
2026-06-04T08:50:00+03:00,1.1608,1.16088,1.1608,1.16084,24750000
2026-06-04T08:51:00+03:00,1.16088,1.16093,1.16085,1.16092,28800000
2026-06-04T08:52:00+03:00,1.16093,1.16097,1.16089,1.16097,43650000
2026-06-04T08:53:00+03:00,1.16098,1.16098,1.16092,1.16098,30600000
2026-06-04T08:54:00+03:00,1.16099,1.16103,1.16095,1.16103,29700000
2026-06-04T08:55:00+03:00,1.16102,1.16102,1.16094,1.16098,55350000
2026-06-04T08:56:00+03:00,1.16096,1.16098,1.16091,1.16094,32850000
2026-06-04T08:57:00+03:00,1.16095,1.16097,1.16091,1.16091,32400000
2026-06-04T08:58:00+03:00,1.16093,1.16095,1.16088,1.16088,68400000
2026-06-04T08:59:00+03:00,1.16089,1.16097,1.16088,1.16097,90450000
2026-06-04T09:00:00+03:00,1.16099,1.161,1.16089,1.16099,92700000
2026-06-04T09:01:00+03:00,1.16101,1.16118,1.16101,1.16114,84150000
2026-06-04T09:02:00+03:00,1.16114,1.1612,1.16109,1.16117,81000000
2026-06-04T09:03:00+03:00,1.16119,1.16123,1.16112,1.16114,58950000
2026-06-04T09:04:00+03:00,1.16115,1.16115,1.16105,1.16108,55800000
2026-06-04T09:05:00+03:00,1.16108,1.16112,1.16102,1.16104,70650000
2026-06-04T09:06:00+03:00,1.16103,1.16105,1.16097,1.16101,54450000
2026-06-04T09:07:00+03:00,1.16101,1.1612,1.16099,1.16117,72900000
2026-06-04T09:08:00+03:00,1.16119,1.1612,1.16112,1.16114,44550000
2026-06-04T09:09:00+03:00,1.16114,1.16117,1.16107,1.16113,67950000
2026-06-04T09:10:00+03:00,1.16113,1.16118,1.16109,1.16116,61200000
2026-06-04T09:11:00+03:00,1.16113,1.16115,1.16107,1.16112,32400000
2026-06-04T09:12:00+03:00,1.16114,1.16123,1.16113,1.16122,48600000
2026-06-04T09:13:00+03:00,1.16122,1.16124,1.16112,1.16112,41400000
2026-06-04T09:14:00+03:00,1.16112,1.16123,1.1611,1.16122,74250000
2026-06-04T09:15:00+03:00,1.16121,1.16127,1.16114,1.16125,53550000
2026-06-04T09:16:00+03:00,1.16124,1.16124,1.16108,1.16109,47250000
2026-06-04T09:17:00+03:00,1.16112,1.16112,1.16108,1.16108,35100000
2026-06-04T09:18:00+03:00,1.16106,1.16112,1.16103,1.1611,53550000
2026-06-04T09:19:00+03:00,1.16109,1.16109,1.16098,1.16099,28800000
2026-06-04T09:20:00+03:00,1.16096,1.16096,1.16087,1.16089,37350000
2026-06-04T09:21:00+03:00,1.16088,1.1609,1.16083,1.16086,26550000
2026-06-04T09:22:00+03:00,1.16087,1.16096,1.16084,1.16084,59400000
2026-06-04T09:23:00+03:00,1.16082,1.16088,1.16072,1.16074,71550000
2026-06-04T09:24:00+03:00,1.16073,1.16086,1.16069,1.16084,43650000
2026-06-04T09:25:00+03:00,1.16081,1.16095,1.16081,1.16092,67500000
2026-06-04T09:26:00+03:00,1.16092,1.16095,1.16087,1.16088,42750000
2026-06-04T09:27:00+03:00,1.16089,1.16096,1.16086,1.16094,63900000
2026-06-04T09:28:00+03:00,1.16093,1.1611,1.16093,1.1611,42300000
2026-06-04T09:29:00+03:00,1.16109,1.1611,1.16103,1.16105,28350000
2026-06-04T09:30:00+03:00,1.16105,1.16105,1.16085,1.16099,94950000
2026-06-04T09:31:00+03:00,1.16101,1.16108,1.16093,1.16099,90900000
2026-06-04T09:32:00+03:00,1.16101,1.16113,1.16101,1.16113,47700000
2026-06-04T09:33:00+03:00,1.16115,1.16128,1.16112,1.16123,117220000
2026-06-04T09:34:00+03:00,1.16122,1.16125,1.16115,1.16124,56700000
2026-06-04T09:35:00+03:00,1.16125,1.16141,1.16125,1.1614,68850000
2026-06-04T09:36:00+03:00,1.16141,1.16148,1.16135,1.16145,117000000
2026-06-04T09:37:00+03:00,1.16146,1.16148,1.16141,1.16142,103500000
2026-06-04T09:38:00+03:00,1.16141,1.16143,1.16136,1.16136,58050000
2026-06-04T09:39:00+03:00,1.16136,1.16146,1.16135,1.16143,63450000
2026-06-04T09:40:00+03:00,1.16144,1.16144,1.16138,1.16139,42300000
2026-06-04T09:41:00+03:00,1.16138,1.16143,1.16129,1.16129,59400000
2026-06-04T09:42:00+03:00,1.1613,1.16135,1.16129,1.1613,68400000
2026-06-04T09:43:00+03:00,1.1613,1.16136,1.16128,1.16131,72000000
2026-06-04T09:44:00+03:00,1.16131,1.16139,1.16121,1.1613,99900000
2026-06-04T09:45:00+03:00,1.16129,1.16129,1.16121,1.16121,36000000
2026-06-04T09:46:00+03:00,1.1612,1.1612,1.16101,1.16104,98550000
2026-06-04T09:47:00+03:00,1.16104,1.16106,1.1609,1.16093,70650000
2026-06-04T09:48:00+03:00,1.16093,1.16097,1.1609,1.16094,40950000
2026-06-04T09:49:00+03:00,1.16095,1.16095,1.16092,1.16095,13500000
2026-06-04T09:50:00+03:00,1.16095,1.1611,1.16094,1.16097,80550000
2026-06-04T09:51:00+03:00,1.16097,1.16097,1.16089,1.16089,32850000
2026-06-04T09:52:00+03:00,1.1609,1.161,1.16086,1.16092,67050000
2026-06-04T09:53:00+03:00,1.16094,1.16114,1.16094,1.16111,54000000
2026-06-04T09:54:00+03:00,1.1611,1.16124,1.16105,1.16119,83250000
2026-06-04T09:55:00+03:00,1.16119,1.16121,1.16111,1.16113,66600000
2026-06-04T09:56:00+03:00,1.16111,1.16118,1.16099,1.16099,72000000
2026-06-04T09:57:00+03:00,1.16101,1.16103,1.16078,1.16078,86400000
2026-06-04T09:58:00+03:00,1.16079,1.16104,1.16078,1.16101,107100000
2026-06-04T09:59:00+03:00,1.16101,1.16107,1.16094,1.16107,101700000
2026-06-04T10:00:00+03:00,1.16106,1.16108,1.16091,1.16108,210150000
2026-06-04T10:01:00+03:00,1.16106,1.16109,1.16099,1.161,92700000
2026-06-04T10:02:00+03:00,1.16101,1.16111,1.16098,1.16103,113850000
2026-06-04T10:03:00+03:00,1.16103,1.16108,1.16098,1.16107,76050000
2026-06-04T10:04:00+03:00,1.16107,1.16126,1.16107,1.16113,67950000
2026-06-04T10:05:00+03:00,1.16113,1.16114,1.16103,1.16108,57600000
2026-06-04T10:06:00+03:00,1.16108,1.16108,1.161,1.16103,41850000
2026-06-04T10:07:00+03:00,1.16102,1.16102,1.16097,1.16102,56700000
2026-06-04T10:08:00+03:00,1.16101,1.16106,1.16098,1.16103,35550000
2026-06-04T10:09:00+03:00,1.16101,1.16105,1.16094,1.16105,63000000
2026-06-04T10:10:00+03:00,1.16105,1.1611,1.16097,1.16108,57600000
2026-06-04T10:11:00+03:00,1.16107,1.16108,1.161,1.16103,47250000
2026-06-04T10:12:00+03:00,1.16104,1.16111,1.16099,1.16101,55800000
2026-06-04T10:13:00+03:00,1.16103,1.16117,1.16103,1.16112,46800000
2026-06-04T10:14:00+03:00,1.16113,1.16113,1.16103,1.16105,40050000
2026-06-04T10:15:00+03:00,1.16105,1.1611,1.16103,1.16108,30600000
2026-06-04T10:16:00+03:00,1.16108,1.1611,1.16104,1.16107,34200000
2026-06-04T10:17:00+03:00,1.16106,1.16111,1.16102,1.16102,27000000
2026-06-04T10:18:00+03:00,1.16103,1.16106,1.16098,1.16104,34200000
2026-06-04T10:19:00+03:00,1.16104,1.16114,1.16104,1.16109,52200000
2026-06-04T10:20:00+03:00,1.16107,1.16107,1.16072,1.16074,97200000
2026-06-04T10:21:00+03:00,1.16073,1.16077,1.1606,1.1606,56250000
2026-06-04T10:22:00+03:00,1.16059,1.1608,1.16057,1.16078,74250000
2026-06-04T10:23:00+03:00,1.16078,1.1609,1.16074,1.16076,67050000
2026-06-04T10:24:00+03:00,1.16074,1.16079,1.16073,1.16073,24300000
2026-06-04T10:25:00+03:00,1.16074,1.16074,1.16058,1.16058,46350000
2026-06-04T10:26:00+03:00,1.16058,1.1606,1.16048,1.16052,81900000
2026-06-04T10:27:00+03:00,1.1605,1.1605,1.16035,1.16043,79200000
2026-06-04T10:28:00+03:00,1.16042,1.16063,1.16042,1.16061,66600000
2026-06-04T10:29:00+03:00,1.1606,1.16065,1.16057,1.16063,44550000
2026-06-04T10:30:00+03:00,1.16062,1.16069,1.16054,1.16068,40050000
2026-06-04T10:31:00+03:00,1.16069,1.16072,1.16061,1.16066,66600000
2026-06-04T10:32:00+03:00,1.16068,1.16069,1.16061,1.16062,66600000
2026-06-04T10:33:00+03:00,1.16061,1.16065,1.16058,1.16059,83250000
2026-06-04T10:34:00+03:00,1.16059,1.16059,1.16056,1.16058,34200000
2026-06-04T10:35:00+03:00,1.16058,1.16058,1.16051,1.16051,53100000
2026-06-04T10:36:00+03:00,1.16052,1.16054,1.16034,1.16034,78750000
2026-06-04T10:37:00+03:00,1.16033,1.16033,1.16017,1.16028,113400000
2026-06-04T10:38:00+03:00,1.16028,1.16038,1.16021,1.16021,72900000
2026-06-04T10:39:00+03:00,1.16021,1.16021,1.16005,1.16007,99450000
2026-06-04T10:40:00+03:00,1.16007,1.16007,1.15994,1.15994,94500000
2026-06-04T10:41:00+03:00,1.15993,1.15995,1.15986,1.15986,67500000
2026-06-04T10:42:00+03:00,1.15986,1.16001,1.15984,1.16001,109350000
2026-06-04T10:43:00+03:00,1.16002,1.16006,1.15999,1.16001,90000000
2026-06-04T10:44:00+03:00,1.16001,1.16015,1.16,1.16014,90000000
2026-06-04T10:45:00+03:00,1.16013,1.16014,1.16,1.16009,87300000
2026-06-04T10:46:00+03:00,1.16009,1.16009,1.16001,1.16002,38250000
2026-06-04T10:47:00+03:00,1.16001,1.1601,1.15998,1.16009,88200000
2026-06-04T10:48:00+03:00,1.16009,1.1602,1.16009,1.16018,70200000
2026-06-04T10:49:00+03:00,1.16019,1.16028,1.16017,1.16026,67500000
2026-06-04T10:50:00+03:00,1.16026,1.16026,1.16016,1.16025,69300000
2026-06-04T10:51:00+03:00,1.16023,1.16029,1.16022,1.16024,69300000
2026-06-04T10:52:00+03:00,1.16025,1.16026,1.16021,1.16025,49050000
2026-06-04T10:53:00+03:00,1.16028,1.16028,1.16024,1.16026,18000000
2026-06-04T10:54:00+03:00,1.16025,1.16031,1.16014,1.1602,73800000
2026-06-04T10:55:00+03:00,1.1602,1.1603,1.16015,1.16029,65700000
2026-06-04T10:56:00+03:00,1.16028,1.16031,1.16028,1.16029,38250000
2026-06-04T10:57:00+03:00,1.16028,1.16038,1.16028,1.16029,62550000
2026-06-04T10:58:00+03:00,1.16028,1.16042,1.16027,1.16041,42300000
2026-06-04T10:59:00+03:00,1.16041,1.16043,1.16039,1.1604,27450000
2026-06-04T11:00:00+03:00,1.16037,1.16045,1.16034,1.16037,105300000
2026-06-04T11:01:00+03:00,1.16038,1.16041,1.16036,1.1604,47700000
2026-06-04T11:02:00+03:00,1.16039,1.16054,1.16037,1.16054,54000000
2026-06-04T11:03:00+03:00,1.16055,1.16074,1.16052,1.16071,79200000
2026-06-04T11:04:00+03:00,1.1607,1.16076,1.16063,1.16066,54000000
2026-06-04T11:05:00+03:00,1.16066,1.16068,1.16049,1.16057,93600000
2026-06-04T11:06:00+03:00,1.16056,1.16067,1.16054,1.16059,97650000
2026-06-04T11:07:00+03:00,1.16062,1.16069,1.16059,1.1606,75060000
2026-06-04T11:08:00+03:00,1.16062,1.16068,1.16056,1.16059,62100000
2026-06-04T11:09:00+03:00,1.16059,1.16062,1.16049,1.16057,92700000
2026-06-04T11:10:00+03:00,1.16056,1.16059,1.16052,1.16057,77400000
2026-06-04T11:11:00+03:00,1.16056,1.16056,1.16045,1.16053,143100000
2026-06-04T11:12:00+03:00,1.16053,1.16057,1.16051,1.16055,54000000
2026-06-04T11:13:00+03:00,1.16053,1.16058,1.16049,1.16049,47250000
2026-06-04T11:14:00+03:00,1.16047,1.16053,1.16042,1.16053,81000000
2026-06-04T11:15:00+03:00,1.16054,1.16063,1.16052,1.16056,85050000
2026-06-04T11:16:00+03:00,1.16054,1.16067,1.16054,1.16067,77850000
2026-06-04T11:17:00+03:00,1.16067,1.16074,1.16058,1.16073,85500000
2026-06-04T11:18:00+03:00,1.16073,1.16078,1.16072,1.16077,52200000
2026-06-04T11:19:00+03:00,1.16075,1.16077,1.16073,1.16075,65700000
2026-06-04T11:20:00+03:00,1.16076,1.16077,1.16063,1.16064,63900000
2026-06-04T11:21:00+03:00,1.16064,1.16078,1.16061,1.16074,113850000
2026-06-04T11:22:00+03:00,1.16075,1.16079,1.16072,1.16074,81900000
2026-06-04T11:23:00+03:00,1.16073,1.16076,1.16067,1.16069,51300000
2026-06-04T11:24:00+03:00,1.1607,1.16083,1.16069,1.1608,85500000
2026-06-04T11:25:00+03:00,1.1608,1.16085,1.16076,1.16083,51750000
2026-06-04T11:26:00+03:00,1.16082,1.16092,1.16082,1.16089,49500000
2026-06-04T11:27:00+03:00,1.1609,1.16108,1.1609,1.16105,81900000
2026-06-04T11:28:00+03:00,1.16104,1.16104,1.16086,1.16088,70650000
2026-06-04T11:29:00+03:00,1.16087,1.16105,1.16085,1.16103,96300000
2026-06-04T11:30:00+03:00,1.16104,1.16139,1.16095,1.16139,143540000
2026-06-04T11:31:00+03:00,1.16138,1.16138,1.16098,1.161,117900000
2026-06-04T11:32:00+03:00,1.16102,1.16114,1.16099,1.16111,140850000
2026-06-04T11:33:00+03:00,1.16109,1.16116,1.16104,1.1611,54900000
2026-06-04T11:34:00+03:00,1.16109,1.1611,1.16096,1.16101,45000000
2026-06-04T11:35:00+03:00,1.16102,1.16108,1.16097,1.161,60750000
2026-06-04T11:36:00+03:00,1.161,1.16104,1.16094,1.16096,68400000
2026-06-04T11:37:00+03:00,1.16095,1.16097,1.16077,1.16079,68670000
2026-06-04T11:38:00+03:00,1.16077,1.16079,1.16071,1.16075,39150000
2026-06-04T11:39:00+03:00,1.16075,1.16075,1.16068,1.16073,78300000
2026-06-04T11:40:00+03:00,1.16073,1.16078,1.16069,1.16077,90900000
2026-06-04T11:41:00+03:00,1.16077,1.16084,1.16073,1.16083,57600000
2026-06-04T11:42:00+03:00,1.16081,1.16081,1.16067,1.16074,73350000
2026-06-04T11:43:00+03:00,1.16076,1.1608,1.1607,1.16071,67500000
2026-06-04T11:44:00+03:00,1.16072,1.16078,1.16069,1.16075,61200000
2026-06-04T11:45:00+03:00,1.16073,1.16079,1.16073,1.16079,46350000
2026-06-04T11:46:00+03:00,1.16078,1.1609,1.16073,1.1609,69750000
2026-06-04T11:47:00+03:00,1.16092,1.1611,1.16092,1.16103,71100000
2026-06-04T11:48:00+03:00,1.16103,1.16108,1.16095,1.16104,58500000
2026-06-04T11:49:00+03:00,1.16103,1.16104,1.16091,1.16091,59850000
2026-06-04T11:50:00+03:00,1.16092,1.16106,1.16092,1.161,45900000
2026-06-04T11:51:00+03:00,1.161,1.16104,1.16097,1.16103,47250000
2026-06-04T11:52:00+03:00,1.16103,1.16103,1.16089,1.16089,40950000
2026-06-04T11:53:00+03:00,1.1609,1.16098,1.1609,1.16095,38700000
2026-06-04T11:54:00+03:00,1.16094,1.16103,1.16094,1.16102,60750000
2026-06-04T11:55:00+03:00,1.16104,1.16124,1.16104,1.16124,61650000
2026-06-04T11:56:00+03:00,1.16124,1.16131,1.16122,1.16131,74250000
2026-06-04T11:57:00+03:00,1.16129,1.16129,1.16126,1.16127,19800000
2026-06-04T11:58:00+03:00,1.16129,1.1613,1.16124,1.16124,14400000
2026-06-04T11:59:00+03:00,1.16128,1.16138,1.16126,1.16131,50400000
2026-06-04T12:00:00+03:00,1.1613,1.16155,1.1613,1.16145,113850000
2026-06-04T12:01:00+03:00,1.16145,1.16158,1.16138,1.16158,90000000
2026-06-04T12:02:00+03:00,1.16159,1.16159,1.16145,1.16153,94500000
2026-06-04T12:03:00+03:00,1.16153,1.16192,1.1615,1.16188,125550000
2026-06-04T12:04:00+03:00,1.1619,1.16193,1.16169,1.1618,116550000
2026-06-04T12:05:00+03:00,1.1618,1.16185,1.1617,1.16175,89100000
2026-06-04T12:06:00+03:00,1.16174,1.16185,1.16173,1.16181,91350000
2026-06-04T12:07:00+03:00,1.16182,1.16184,1.16177,1.16181,86400000
2026-06-04T12:08:00+03:00,1.16182,1.16197,1.16182,1.16183,102150000
2026-06-04T12:09:00+03:00,1.16183,1.1619,1.16176,1.16187,115200000
2026-06-04T12:10:00+03:00,1.16185,1.16187,1.16174,1.16184,130050000
2026-06-04T12:11:00+03:00,1.16186,1.16197,1.16181,1.16194,120600000
2026-06-04T12:12:00+03:00,1.16192,1.16195,1.16185,1.16189,70200000
2026-06-04T12:13:00+03:00,1.16189,1.16196,1.16187,1.16194,85950000
2026-06-04T12:14:00+03:00,1.16194,1.16195,1.16188,1.16189,59850000
2026-06-04T12:15:00+03:00,1.16189,1.16192,1.16183,1.1619,84600000
2026-06-04T12:16:00+03:00,1.16188,1.1619,1.16182,1.1619,45900000
2026-06-04T12:17:00+03:00,1.16192,1.16197,1.16181,1.16197,65700000
2026-06-04T12:18:00+03:00,1.162,1.16211,1.162,1.16203,47700000
2026-06-04T12:19:00+03:00,1.16205,1.16215,1.16205,1.16211,58500000
2026-06-04T12:20:00+03:00,1.16212,1.16214,1.1621,1.16213,108450000
2026-06-04T12:21:00+03:00,1.16213,1.16222,1.16209,1.16215,182700000
2026-06-04T12:22:00+03:00,1.16214,1.16214,1.16197,1.16198,82700000
2026-06-04T12:23:00+03:00,1.162,1.16205,1.16197,1.16202,40950000
2026-06-04T12:24:00+03:00,1.16201,1.16216,1.162,1.1621,59850000
2026-06-04T12:25:00+03:00,1.16208,1.16211,1.16202,1.16202,91800000
2026-06-04T12:26:00+03:00,1.16201,1.16209,1.16193,1.16208,68310000
2026-06-04T12:27:00+03:00,1.16208,1.16222,1.16206,1.16217,61200000
2026-06-04T12:28:00+03:00,1.16218,1.16224,1.16211,1.16212,82350000
2026-06-04T12:29:00+03:00,1.16213,1.16213,1.16204,1.16205,72450000
2026-06-04T12:30:00+03:00,1.16207,1.16208,1.16191,1.16208,107550000
2026-06-04T12:31:00+03:00,1.16206,1.1621,1.16203,1.16208,111600000
2026-06-04T12:32:00+03:00,1.16208,1.16224,1.16208,1.16224,97200000
2026-06-04T12:33:00+03:00,1.16225,1.16229,1.1622,1.16228,67050000
2026-06-04T12:34:00+03:00,1.16227,1.16243,1.16226,1.16226,94050000
2026-06-04T12:35:00+03:00,1.16225,1.16244,1.16223,1.1624,92250000
2026-06-04T12:36:00+03:00,1.1624,1.1624,1.16218,1.16218,86400000
2026-06-04T12:37:00+03:00,1.16217,1.16257,1.16217,1.16257,101700000
2026-06-04T12:38:00+03:00,1.16256,1.16269,1.16253,1.16256,81000000
2026-06-04T12:39:00+03:00,1.16256,1.16266,1.16254,1.16265,98550000
2026-06-04T12:40:00+03:00,1.16265,1.16268,1.16259,1.16264,51300000
2026-06-04T12:41:00+03:00,1.16263,1.1627,1.16263,1.16269,45900000
2026-06-04T12:42:00+03:00,1.16267,1.16268,1.16265,1.16266,19800000
2026-06-04T12:43:00+03:00,1.16268,1.16272,1.16262,1.16264,85050000
2026-06-04T12:44:00+03:00,1.16265,1.16271,1.16264,1.16265,59400000
2026-06-04T12:45:00+03:00,1.16267,1.16272,1.16264,1.16272,58050000
2026-06-04T12:46:00+03:00,1.16273,1.16273,1.16253,1.16254,80100000
2026-06-04T12:47:00+03:00,1.16256,1.16257,1.16245,1.16247,77850000
2026-06-04T12:48:00+03:00,1.16245,1.16262,1.16242,1.16262,86400000
2026-06-04T12:49:00+03:00,1.16262,1.16275,1.16258,1.16272,125100000
2026-06-04T12:50:00+03:00,1.16272,1.16277,1.16268,1.16272,37350000
2026-06-04T12:51:00+03:00,1.16273,1.16273,1.16266,1.16272,28800000
2026-06-04T12:52:00+03:00,1.16274,1.16278,1.1627,1.16271,62550000
2026-06-04T12:53:00+03:00,1.16271,1.16276,1.1627,1.1627,47250000
2026-06-04T12:54:00+03:00,1.1627,1.16283,1.1627,1.16274,84600000
2026-06-04T12:55:00+03:00,1.16275,1.16275,1.16266,1.16266,72450000
2026-06-04T12:56:00+03:00,1.16267,1.16275,1.16267,1.16275,60300000
2026-06-04T12:57:00+03:00,1.16274,1.16278,1.16256,1.16256,95620000
2026-06-04T12:58:00+03:00,1.16257,1.16258,1.16248,1.16249,62550000
2026-06-04T12:59:00+03:00,1.1625,1.1626,1.1625,1.16257,132750000
2026-06-04T13:00:00+03:00,1.16255,1.16261,1.16251,1.16258,73350000
2026-06-04T13:01:00+03:00,1.16258,1.16268,1.16258,1.16262,62820000
2026-06-04T13:02:00+03:00,1.16264,1.16273,1.16261,1.16273,112050000
2026-06-04T13:03:00+03:00,1.16272,1.1628,1.1627,1.16274,45900000
2026-06-04T13:04:00+03:00,1.16273,1.16296,1.16268,1.16294,79650000
2026-06-04T13:05:00+03:00,1.16294,1.16305,1.16287,1.16287,116100000
2026-06-04T13:06:00+03:00,1.1629,1.16291,1.16281,1.16282,57600000
2026-06-04T13:07:00+03:00,1.16284,1.16288,1.16277,1.16283,64350000
2026-06-04T13:08:00+03:00,1.16283,1.16284,1.16273,1.16275,71550000
2026-06-04T13:09:00+03:00,1.16275,1.16283,1.16271,1.16283,89100000
2026-06-04T13:10:00+03:00,1.16283,1.16284,1.16273,1.16282,58050000
2026-06-04T13:11:00+03:00,1.16281,1.16301,1.16279,1.163,110250000
2026-06-04T13:12:00+03:00,1.16301,1.16304,1.16293,1.16297,59400000
2026-06-04T13:13:00+03:00,1.16296,1.16297,1.16286,1.16289,66600000
2026-06-04T13:14:00+03:00,1.16288,1.16298,1.16282,1.16296,54000000
2026-06-04T13:15:00+03:00,1.16295,1.163,1.16295,1.16298,14850000
2026-06-04T13:16:00+03:00,1.16297,1.16303,1.16293,1.16299,43650000
2026-06-04T13:17:00+03:00,1.16296,1.16304,1.16296,1.16303,41850000
2026-06-04T13:18:00+03:00,1.16301,1.16301,1.16294,1.16298,21600000
2026-06-04T13:19:00+03:00,1.16296,1.16298,1.16291,1.16294,45000000
2026-06-04T13:20:00+03:00,1.16292,1.16294,1.16278,1.16282,62100000
2026-06-04T13:21:00+03:00,1.16282,1.16285,1.16275,1.16277,45450000
2026-06-04T13:22:00+03:00,1.16274,1.16274,1.16258,1.16261,71550000
2026-06-04T13:23:00+03:00,1.16262,1.16267,1.16259,1.16266,72900000
2026-06-04T13:24:00+03:00,1.16267,1.16275,1.16265,1.1627,43200000
2026-06-04T13:25:00+03:00,1.16268,1.1628,1.16267,1.16279,64890000
2026-06-04T13:26:00+03:00,1.16277,1.16278,1.16268,1.16273,67500000
2026-06-04T13:27:00+03:00,1.16271,1.16283,1.16269,1.16281,45000000
2026-06-04T13:28:00+03:00,1.16279,1.16283,1.16277,1.16282,34200000
2026-06-04T13:29:00+03:00,1.16282,1.16287,1.16277,1.16286,46710000
2026-06-04T13:30:00+03:00,1.16285,1.16289,1.1628,1.16284,40500000
2026-06-04T13:31:00+03:00,1.16285,1.16298,1.16284,1.16298,72450000
2026-06-04T13:32:00+03:00,1.16298,1.16302,1.16297,1.16298,27900000
2026-06-04T13:33:00+03:00,1.16297,1.16301,1.16295,1.16301,39600000
2026-06-04T13:34:00+03:00,1.16301,1.16319,1.163,1.16313,57600000
2026-06-04T13:35:00+03:00,1.16311,1.16314,1.16308,1.16311,84150000
2026-06-04T13:36:00+03:00,1.16311,1.1632,1.16303,1.16319,96750000
2026-06-04T13:37:00+03:00,1.16317,1.16323,1.16312,1.16319,73800000
2026-06-04T13:38:00+03:00,1.16319,1.16322,1.16312,1.16316,72000000
2026-06-04T13:39:00+03:00,1.16317,1.16334,1.16314,1.16327,117000000
2026-06-04T13:40:00+03:00,1.16329,1.16332,1.16308,1.16309,77850000
2026-06-04T13:41:00+03:00,1.16312,1.16318,1.16312,1.16315,63450000
2026-06-04T13:42:00+03:00,1.16315,1.16322,1.16315,1.16322,58500000
2026-06-04T13:43:00+03:00,1.16323,1.1633,1.16322,1.16326,64800000
2026-06-04T13:44:00+03:00,1.16326,1.16326,1.16321,1.16323,44100000
2026-06-04T13:45:00+03:00,1.16322,1.16333,1.16322,1.16326,78750000
2026-06-04T13:46:00+03:00,1.16327,1.16327,1.16315,1.16322,78750000
2026-06-04T13:47:00+03:00,1.16324,1.16324,1.16313,1.16319,103500000
2026-06-04T13:48:00+03:00,1.1632,1.16339,1.16319,1.16324,92250000
2026-06-04T13:49:00+03:00,1.16323,1.16326,1.16307,1.1631,109800000
2026-06-04T13:50:00+03:00,1.16309,1.1631,1.1629,1.16296,90450000
2026-06-04T13:51:00+03:00,1.16295,1.16295,1.16283,1.16292,35550000
2026-06-04T13:52:00+03:00,1.16292,1.16295,1.16285,1.16287,72000000
2026-06-04T13:53:00+03:00,1.16287,1.16292,1.16276,1.16291,56440000
2026-06-04T13:54:00+03:00,1.16293,1.163,1.1629,1.16297,60300000
2026-06-04T13:55:00+03:00,1.16296,1.1631,1.16294,1.16309,49500000
2026-06-04T13:56:00+03:00,1.16308,1.16325,1.16308,1.16315,89550000
2026-06-04T13:57:00+03:00,1.16314,1.16317,1.16297,1.16305,110250000
2026-06-04T13:58:00+03:00,1.16306,1.1631,1.16302,1.16305,85950000
2026-06-04T13:59:00+03:00,1.16306,1.1631,1.16301,1.16303,73800000
2026-06-04T14:00:00+03:00,1.16304,1.16319,1.16301,1.16316,125770000
2026-06-04T14:01:00+03:00,1.16316,1.16324,1.1631,1.16321,81900000
2026-06-04T14:02:00+03:00,1.16323,1.16337,1.16323,1.16335,78750000
2026-06-04T14:03:00+03:00,1.16335,1.16347,1.16334,1.16343,49050000
2026-06-04T14:04:00+03:00,1.16345,1.16353,1.16343,1.16344,83250000
2026-06-04T14:05:00+03:00,1.16345,1.16347,1.16339,1.16341,50400000
2026-06-04T14:06:00+03:00,1.16343,1.16349,1.16338,1.16348,79200000
2026-06-04T14:07:00+03:00,1.16346,1.16347,1.16333,1.16339,95400000
2026-06-04T14:08:00+03:00,1.1634,1.1634,1.16326,1.16337,112270000
2026-06-04T14:09:00+03:00,1.16338,1.16354,1.16337,1.16351,74700000
2026-06-04T14:10:00+03:00,1.16351,1.16356,1.16344,1.16353,76050000
2026-06-04T14:11:00+03:00,1.16355,1.16368,1.16355,1.16357,92250000
2026-06-04T14:12:00+03:00,1.1636,1.1636,1.16348,1.16355,80550000
2026-06-04T14:13:00+03:00,1.16355,1.16358,1.16349,1.16357,83250000
2026-06-04T14:14:00+03:00,1.16356,1.16361,1.16352,1.16352,37800000
2026-06-04T14:15:00+03:00,1.16353,1.16363,1.1635,1.16361,55800000
2026-06-04T14:16:00+03:00,1.16362,1.16377,1.16361,1.16375,87300000
2026-06-04T14:17:00+03:00,1.16376,1.16393,1.16374,1.16386,188100000
2026-06-04T14:18:00+03:00,1.16387,1.16393,1.16385,1.16391,74250000
2026-06-04T14:19:00+03:00,1.16391,1.16399,1.16389,1.16397,64800000
2026-06-04T14:20:00+03:00,1.16399,1.16399,1.16387,1.16387,72900000
2026-06-04T14:21:00+03:00,1.16389,1.16393,1.16385,1.16388,49950000
2026-06-04T14:22:00+03:00,1.16386,1.16398,1.16386,1.16396,72450000
2026-06-04T14:23:00+03:00,1.16398,1.16415,1.16397,1.16409,91350000
2026-06-04T14:24:00+03:00,1.16407,1.16412,1.164,1.16412,76050000
2026-06-04T14:25:00+03:00,1.16412,1.16434,1.1641,1.16422,110700000
2026-06-04T14:26:00+03:00,1.16421,1.16424,1.16413,1.16415,120600000
2026-06-04T14:27:00+03:00,1.16415,1.16417,1.16398,1.164,137250000
2026-06-04T14:28:00+03:00,1.16398,1.16403,1.16393,1.16396,81450000
2026-06-04T14:29:00+03:00,1.16394,1.16407,1.16392,1.16406,85050000
2026-06-04T14:30:00+03:00,1.16407,1.16412,1.16388,1.16388,185500000
2026-06-04T14:31:00+03:00,1.1639,1.16394,1.16383,1.16385,111600000
2026-06-04T14:32:00+03:00,1.16387,1.16389,1.16371,1.16379,98100000
2026-06-04T14:33:00+03:00,1.16377,1.16381,1.16368,1.16381,93150000
2026-06-04T14:34:00+03:00,1.1638,1.16385,1.16377,1.16384,58950000
2026-06-04T14:35:00+03:00,1.16382,1.16383,1.16374,1.16381,67500000
2026-06-04T14:36:00+03:00,1.16382,1.16389,1.16376,1.16378,66700000
2026-06-04T14:37:00+03:00,1.16377,1.16396,1.16377,1.16387,106200000
2026-06-04T14:38:00+03:00,1.16388,1.16393,1.16384,1.16385,72450000
2026-06-04T14:39:00+03:00,1.16384,1.16403,1.16384,1.16399,119970000
2026-06-04T14:40:00+03:00,1.164,1.16402,1.16385,1.16391,116100000
2026-06-04T14:41:00+03:00,1.1639,1.1641,1.1639,1.16409,154350000
2026-06-04T14:42:00+03:00,1.16411,1.16417,1.16403,1.16406,76950000
2026-06-04T14:43:00+03:00,1.16406,1.16408,1.16402,1.16406,102150000
2026-06-04T14:44:00+03:00,1.16408,1.16442,1.16408,1.16437,106200000
2026-06-04T14:45:00+03:00,1.16438,1.16445,1.16428,1.16433,81000000
2026-06-04T14:46:00+03:00,1.16432,1.16448,1.1643,1.16438,78300000
2026-06-04T14:47:00+03:00,1.16439,1.16442,1.1643,1.1643,99000000
2026-06-04T14:48:00+03:00,1.16429,1.1643,1.16415,1.16415,64800000
2026-06-04T14:49:00+03:00,1.16414,1.1645,1.16413,1.16437,175500000
2026-06-04T14:50:00+03:00,1.16439,1.16447,1.16433,1.16443,76950000
2026-06-04T14:51:00+03:00,1.1644,1.16443,1.16435,1.16439,56700000
2026-06-04T14:52:00+03:00,1.16439,1.16448,1.16439,1.16444,43640000
2026-06-04T14:53:00+03:00,1.16442,1.16445,1.16433,1.16433,67950000
2026-06-04T14:54:00+03:00,1.16435,1.16438,1.16433,1.16435,55350000
2026-06-04T14:55:00+03:00,1.16435,1.16436,1.16424,1.16425,103050000
2026-06-04T14:56:00+03:00,1.16427,1.16427,1.16409,1.16416,92700000
2026-06-04T14:57:00+03:00,1.16419,1.16433,1.16419,1.16428,113850000
2026-06-04T14:58:00+03:00,1.16428,1.16428,1.16417,1.16425,95850000
2026-06-04T14:59:00+03:00,1.16426,1.16426,1.1641,1.16417,84150000
2026-06-04T15:00:00+03:00,1.16416,1.16451,1.16415,1.16431,215550000
2026-06-04T15:01:00+03:00,1.16431,1.16432,1.16419,1.16423,137250000
2026-06-04T15:02:00+03:00,1.16423,1.16435,1.16423,1.16434,87300000
2026-06-04T15:03:00+03:00,1.16432,1.16438,1.16428,1.16429,58050000
2026-06-04T15:04:00+03:00,1.1643,1.1643,1.16407,1.16412,109800000
2026-06-04T15:05:00+03:00,1.16412,1.16417,1.16396,1.16401,99900000
2026-06-04T15:06:00+03:00,1.16399,1.16419,1.16399,1.16418,102600000
2026-06-04T15:07:00+03:00,1.16417,1.1643,1.16413,1.1642,237600000
2026-06-04T15:08:00+03:00,1.1642,1.1642,1.16405,1.16406,151200000
2026-06-04T15:09:00+03:00,1.16406,1.16411,1.16385,1.16396,173470000
2026-06-04T15:10:00+03:00,1.16396,1.16406,1.16394,1.16404,77850000
2026-06-04T15:11:00+03:00,1.16405,1.16405,1.16344,1.16353,309970000
2026-06-04T15:12:00+03:00,1.16356,1.16381,1.16356,1.16378,235710000
2026-06-04T15:13:00+03:00,1.16378,1.16395,1.16378,1.16388,111150000
2026-06-04T15:14:00+03:00,1.16389,1.1639,1.16373,1.16377,88200000
2026-06-04T15:15:00+03:00,1.16379,1.16385,1.16369,1.1637,94950000
2026-06-04T15:16:00+03:00,1.1637,1.16388,1.16367,1.16388,109530000
2026-06-04T15:17:00+03:00,1.16389,1.16389,1.16378,1.16379,73800000
2026-06-04T15:18:00+03:00,1.1638,1.16383,1.16376,1.16377,42750000
2026-06-04T15:19:00+03:00,1.16375,1.16378,1.16369,1.16373,61650000
2026-06-04T15:20:00+03:00,1.16373,1.16376,1.16366,1.16369,114970000
2026-06-04T15:21:00+03:00,1.16367,1.16383,1.16367,1.16377,63000000
2026-06-04T15:22:00+03:00,1.16375,1.16382,1.16368,1.1638,87300000
2026-06-04T15:23:00+03:00,1.1638,1.16394,1.16378,1.16394,66150000
2026-06-04T15:24:00+03:00,1.16397,1.16399,1.16386,1.1639,74250000
2026-06-04T15:25:00+03:00,1.16385,1.16387,1.16377,1.16386,108220000
2026-06-04T15:26:00+03:00,1.16387,1.16397,1.16387,1.16392,79650000
2026-06-04T15:27:00+03:00,1.16391,1.16395,1.16383,1.16389,52650000
2026-06-04T15:28:00+03:00,1.16389,1.16392,1.16387,1.16387,36450000
2026-06-04T15:29:00+03:00,1.16387,1.16389,1.16379,1.16379,98550000
2026-06-04T15:30:00+03:00,1.16384,1.16411,1.16384,1.16395,191920000
2026-06-04T15:31:00+03:00,1.16395,1.16413,1.16386,1.1641,58500000
2026-06-04T15:32:00+03:00,1.16406,1.16408,1.16396,1.16408,30600000
2026-06-04T15:33:00+03:00,1.16408,1.16409,1.16396,1.16401,63900000
2026-06-04T15:34:00+03:00,1.16401,1.16412,1.16401,1.16412,66600000
2026-06-04T15:35:00+03:00,1.16411,1.16411,1.16397,1.16402,63900000
2026-06-04T15:36:00+03:00,1.16403,1.16412,1.16399,1.16403,114300000
2026-06-04T15:37:00+03:00,1.16404,1.16411,1.16397,1.16401,53100000
2026-06-04T15:38:00+03:00,1.16403,1.16403,1.16396,1.16398,43650000
2026-06-04T15:39:00+03:00,1.16398,1.16404,1.16397,1.16402,63000000
2026-06-04T15:40:00+03:00,1.16403,1.16403,1.16392,1.16393,32850000
2026-06-04T15:41:00+03:00,1.16392,1.16395,1.16387,1.16389,68850000
2026-06-04T15:42:00+03:00,1.16388,1.1639,1.16379,1.16388,98550000
2026-06-04T15:43:00+03:00,1.16389,1.16393,1.16381,1.16383,58500000
2026-06-04T15:44:00+03:00,1.16383,1.16403,1.16382,1.16398,72000000
2026-06-04T15:45:00+03:00,1.16398,1.16399,1.16387,1.1639,75150000
2026-06-04T15:46:00+03:00,1.16388,1.16393,1.16385,1.16387,71550000
2026-06-04T15:47:00+03:00,1.16387,1.16397,1.16384,1.16391,74250000
2026-06-04T15:48:00+03:00,1.16392,1.16401,1.16392,1.16399,58950000
2026-06-04T15:49:00+03:00,1.164,1.16405,1.16394,1.16403,66600000
2026-06-04T15:50:00+03:00,1.16402,1.16415,1.164,1.1641,88560000
2026-06-04T15:51:00+03:00,1.16412,1.16413,1.16401,1.16407,81000000
2026-06-04T15:52:00+03:00,1.16407,1.16408,1.16399,1.16406,76500000
2026-06-04T15:53:00+03:00,1.16406,1.16425,1.16398,1.16416,157500000
2026-06-04T15:54:00+03:00,1.16416,1.16433,1.16416,1.16427,80550000
2026-06-04T15:55:00+03:00,1.16427,1.16428,1.16417,1.16419,54450000
2026-06-04T15:56:00+03:00,1.1642,1.16423,1.16409,1.16414,75600000
2026-06-04T15:57:00+03:00,1.16415,1.16418,1.16398,1.16398,88200000
2026-06-04T15:58:00+03:00,1.16396,1.16396,1.16377,1.16386,132300000
2026-06-04T15:59:00+03:00,1.16387,1.16387,1.16368,1.16369,115200000
2026-06-04T16:00:00+03:00,1.16369,1.16374,1.1636,1.16371,148050000
2026-06-04T16:01:00+03:00,1.16369,1.16378,1.16367,1.16372,120600000
2026-06-04T16:02:00+03:00,1.16373,1.16383,1.1637,1.1638,65700000
2026-06-04T16:03:00+03:00,1.1638,1.16383,1.16359,1.1636,90900000
2026-06-04T16:04:00+03:00,1.16359,1.16386,1.16359,1.16386,112950000
2026-06-04T16:05:00+03:00,1.16385,1.16396,1.16385,1.16387,69750000
2026-06-04T16:06:00+03:00,1.16388,1.16388,1.16371,1.16379,82120000
2026-06-04T16:07:00+03:00,1.16379,1.16398,1.16379,1.16398,57820000
2026-06-04T16:08:00+03:00,1.16397,1.16397,1.16383,1.16383,59400000
2026-06-04T16:09:00+03:00,1.16384,1.16386,1.16372,1.16385,58950000
2026-06-04T16:10:00+03:00,1.16385,1.16387,1.16367,1.16367,64350000
2026-06-04T16:11:00+03:00,1.16368,1.1637,1.16362,1.16364,58500000
2026-06-04T16:12:00+03:00,1.16363,1.16367,1.1635,1.16357,150980000
2026-06-04T16:13:00+03:00,1.16359,1.1636,1.16351,1.16352,88920000
2026-06-04T16:14:00+03:00,1.16354,1.16358,1.16341,1.16347,86850000
2026-06-04T16:15:00+03:00,1.16348,1.16351,1.16346,1.1635,80550000
2026-06-04T16:16:00+03:00,1.16348,1.16363,1.16339,1.16361,109800000
2026-06-04T16:17:00+03:00,1.16362,1.16365,1.16356,1.16356,81000000
2026-06-04T16:18:00+03:00,1.16357,1.16368,1.16353,1.16363,103050000
2026-06-04T16:19:00+03:00,1.16363,1.16374,1.16361,1.16369,100350000
2026-06-04T16:20:00+03:00,1.16369,1.16375,1.16356,1.16374,135000000
2026-06-04T16:21:00+03:00,1.16373,1.16376,1.16367,1.16368,114750000
2026-06-04T16:22:00+03:00,1.1637,1.16378,1.16366,1.16369,67950000
2026-06-04T16:23:00+03:00,1.16369,1.1637,1.16366,1.16367,54000000
2026-06-04T16:24:00+03:00,1.16366,1.16366,1.16353,1.16361,72450000
2026-06-04T16:25:00+03:00,1.1636,1.16361,1.16349,1.16349,58050000
2026-06-04T16:26:00+03:00,1.16346,1.16346,1.16339,1.16339,69300000
2026-06-04T16:27:00+03:00,1.16341,1.16349,1.16341,1.16345,59850000
2026-06-04T16:28:00+03:00,1.16346,1.16351,1.16344,1.16347,81450000
2026-06-04T16:29:00+03:00,1.16348,1.16365,1.16348,1.16363,129600000
2026-06-04T16:30:00+03:00,1.16366,1.1637,1.16357,1.16362,215550000
2026-06-04T16:31:00+03:00,1.16362,1.16362,1.16347,1.16353,174600000
2026-06-04T16:32:00+03:00,1.16351,1.16363,1.16351,1.16361,107550000
2026-06-04T16:33:00+03:00,1.16361,1.1638,1.16356,1.16374,125770000
2026-06-04T16:34:00+03:00,1.16374,1.16375,1.16365,1.16375,81900000
2026-06-04T16:35:00+03:00,1.16372,1.16378,1.16364,1.16373,169640000
2026-06-04T16:36:00+03:00,1.16371,1.16382,1.16367,1.16373,187200000
2026-06-04T16:37:00+03:00,1.16373,1.16382,1.16372,1.16372,141300000
2026-06-04T16:38:00+03:00,1.16371,1.16377,1.16366,1.16373,149400000
2026-06-04T16:39:00+03:00,1.16374,1.16382,1.16372,1.1638,87750000
2026-06-04T16:40:00+03:00,1.16382,1.16387,1.16375,1.16376,117900000
2026-06-04T16:41:00+03:00,1.16375,1.16377,1.16363,1.16372,121950000
2026-06-04T16:42:00+03:00,1.16372,1.16372,1.16358,1.16362,118980000
2026-06-04T16:43:00+03:00,1.16363,1.16377,1.16363,1.16373,85950000
2026-06-04T16:44:00+03:00,1.16373,1.16394,1.16369,1.16394,88420000
2026-06-04T16:45:00+03:00,1.16394,1.16397,1.16377,1.16383,117450000
2026-06-04T16:46:00+03:00,1.16379,1.16393,1.16376,1.16386,113850000
2026-06-04T16:47:00+03:00,1.16385,1.16395,1.16379,1.16381,98020000
2026-06-04T16:48:00+03:00,1.16379,1.16383,1.16366,1.16375,122850000
2026-06-04T16:49:00+03:00,1.16374,1.16389,1.16373,1.16389,113400000
2026-06-04T16:50:00+03:00,1.16389,1.16389,1.16376,1.16379,133650000
2026-06-04T16:51:00+03:00,1.16377,1.16378,1.16368,1.16373,88560000
2026-06-04T16:52:00+03:00,1.16374,1.16382,1.16371,1.16372,126270000
2026-06-04T16:53:00+03:00,1.16374,1.16374,1.16352,1.16356,143370000
2026-06-04T16:54:00+03:00,1.16358,1.16368,1.16353,1.16367,152100000
2026-06-04T16:55:00+03:00,1.16367,1.16372,1.1636,1.16365,179550000
2026-06-04T16:56:00+03:00,1.16364,1.16376,1.16363,1.1637,125100000
2026-06-04T16:57:00+03:00,1.16369,1.16377,1.16368,1.16373,92700000
2026-06-04T16:58:00+03:00,1.16374,1.16381,1.16366,1.1637,119250000
2026-06-04T16:59:00+03:00,1.1637,1.16375,1.16359,1.16359,111600000
2026-06-04T17:00:00+03:00,1.16359,1.16392,1.16359,1.16389,227070000
2026-06-04T17:01:00+03:00,1.16388,1.16398,1.16383,1.16385,162810000
2026-06-04T17:02:00+03:00,1.16385,1.16386,1.16367,1.1637,168750000
2026-06-04T17:03:00+03:00,1.16369,1.16369,1.1635,1.1635,162450000
2026-06-04T17:04:00+03:00,1.16351,1.16355,1.16334,1.16338,137140000
2026-06-04T17:05:00+03:00,1.16337,1.16341,1.16331,1.16331,139490000
2026-06-04T17:06:00+03:00,1.16332,1.16347,1.1633,1.16342,152100000
2026-06-04T17:07:00+03:00,1.16343,1.16345,1.16336,1.16338,125100000
2026-06-04T17:08:00+03:00,1.16337,1.16339,1.1633,1.16331,83700000
2026-06-04T17:09:00+03:00,1.16331,1.16338,1.16331,1.16332,119700000
2026-06-04T17:10:00+03:00,1.16331,1.16331,1.16321,1.16325,104400000
2026-06-04T17:11:00+03:00,1.16325,1.16338,1.16325,1.16328,85500000
2026-06-04T17:12:00+03:00,1.16328,1.16333,1.16322,1.16333,63450000
2026-06-04T17:13:00+03:00,1.16332,1.16338,1.16328,1.16334,135900000
2026-06-04T17:14:00+03:00,1.16334,1.16335,1.16324,1.16334,155700000
2026-06-04T17:15:00+03:00,1.16335,1.16339,1.1633,1.16339,92700000
2026-06-04T17:16:00+03:00,1.16338,1.16343,1.16334,1.16343,101250000
2026-06-04T17:17:00+03:00,1.16342,1.16345,1.16339,1.16344,43200000
2026-06-04T17:18:00+03:00,1.16344,1.16344,1.16338,1.16339,60300000
2026-06-04T17:19:00+03:00,1.16339,1.16346,1.16335,1.16343,63000000
2026-06-04T17:20:00+03:00,1.16344,1.16347,1.16339,1.16345,90900000
2026-06-04T17:21:00+03:00,1.16344,1.16348,1.16341,1.16344,79650000
2026-06-04T17:22:00+03:00,1.16343,1.16347,1.16339,1.16343,38700000
2026-06-04T17:23:00+03:00,1.16342,1.16345,1.16332,1.16336,72000000
2026-06-04T17:24:00+03:00,1.16338,1.16338,1.16328,1.16329,100800000
2026-06-04T17:25:00+03:00,1.16328,1.16333,1.16325,1.16333,92700000
2026-06-04T17:26:00+03:00,1.16332,1.16333,1.16325,1.16325,44460000
2026-06-04T17:27:00+03:00,1.16325,1.16328,1.16317,1.16322,56250000
2026-06-04T17:28:00+03:00,1.16324,1.16326,1.16319,1.16319,35100000
2026-06-04T17:29:00+03:00,1.16317,1.16318,1.16311,1.16315,36000000
2026-06-04T17:30:00+03:00,1.16313,1.16315,1.16302,1.16302,93600000
2026-06-04T17:31:00+03:00,1.16303,1.16307,1.16302,1.16302,56250000
2026-06-04T17:32:00+03:00,1.16303,1.16304,1.16298,1.16298,55660000
2026-06-04T17:33:00+03:00,1.16298,1.16307,1.16298,1.16307,57010000
2026-06-04T17:34:00+03:00,1.16308,1.16309,1.16299,1.16301,50850000
2026-06-04T17:35:00+03:00,1.16301,1.16304,1.16296,1.16304,77400000
2026-06-04T17:36:00+03:00,1.16303,1.16304,1.16297,1.16298,43650000
2026-06-04T17:37:00+03:00,1.16296,1.16297,1.16292,1.16293,55800000
2026-06-04T17:38:00+03:00,1.16293,1.16301,1.16293,1.16298,34200000
2026-06-04T17:39:00+03:00,1.16296,1.16302,1.1629,1.16298,77850000
2026-06-04T17:40:00+03:00,1.16298,1.1631,1.16298,1.16305,83250000
2026-06-04T17:41:00+03:00,1.16306,1.1631,1.16304,1.1631,37800000
2026-06-04T17:42:00+03:00,1.16308,1.16323,1.16307,1.16323,67500000
2026-06-04T17:43:00+03:00,1.16324,1.16327,1.16318,1.16318,69300000
2026-06-04T17:44:00+03:00,1.16319,1.16319,1.16305,1.16313,78750000
2026-06-04T17:45:00+03:00,1.16313,1.16317,1.16309,1.16317,66600000
2026-06-04T17:46:00+03:00,1.16316,1.16318,1.16307,1.1631,81450000
2026-06-04T17:47:00+03:00,1.16309,1.16309,1.16294,1.16297,49860000
2026-06-04T17:48:00+03:00,1.16295,1.16304,1.16295,1.16301,73350000
2026-06-04T17:49:00+03:00,1.163,1.16314,1.163,1.16314,51300000
2026-06-04T17:50:00+03:00,1.16314,1.16321,1.16309,1.16309,82350000
2026-06-04T17:51:00+03:00,1.16309,1.1631,1.16297,1.16307,135450000
2026-06-04T17:52:00+03:00,1.16306,1.16306,1.163,1.16304,66600000
2026-06-04T17:53:00+03:00,1.16304,1.16311,1.16298,1.16298,118800000
2026-06-04T17:54:00+03:00,1.16297,1.16312,1.16297,1.16308,85050000
2026-06-04T17:55:00+03:00,1.16307,1.16329,1.16307,1.16328,119250000
2026-06-04T17:56:00+03:00,1.16328,1.16331,1.16317,1.16319,107550000
2026-06-04T17:57:00+03:00,1.16319,1.16319,1.16298,1.1631,168750000
2026-06-04T17:58:00+03:00,1.16309,1.16316,1.16303,1.16303,52200000
2026-06-04T17:59:00+03:00,1.16302,1.16307,1.16296,1.16303,104400000
2026-06-04T18:00:00+03:00,1.16304,1.16314,1.16303,1.16305,135000000
2026-06-04T18:01:00+03:00,1.16303,1.16303,1.16281,1.16288,164250000
2026-06-04T18:02:00+03:00,1.16288,1.16303,1.16288,1.16303,81450000
2026-06-04T18:03:00+03:00,1.16304,1.16313,1.16302,1.16302,59850000
2026-06-04T18:04:00+03:00,1.16303,1.16303,1.16276,1.16277,76500000
2026-06-04T18:05:00+03:00,1.16279,1.16283,1.16271,1.16275,141300000
2026-06-04T18:06:00+03:00,1.16273,1.16279,1.16253,1.1626,159750000
2026-06-04T18:07:00+03:00,1.1626,1.16264,1.16243,1.16258,127350000
2026-06-04T18:08:00+03:00,1.16259,1.16275,1.16259,1.16271,168300000
2026-06-04T18:09:00+03:00,1.16272,1.16279,1.1626,1.1626,121500000
2026-06-04T18:10:00+03:00,1.16261,1.16266,1.1625,1.16253,83700000
2026-06-04T18:11:00+03:00,1.16255,1.16259,1.1625,1.16254,80550000
2026-06-04T18:12:00+03:00,1.16255,1.16264,1.16252,1.16261,65250000
2026-06-04T18:13:00+03:00,1.16261,1.16261,1.16235,1.16237,114300000
2026-06-04T18:14:00+03:00,1.16238,1.16249,1.16235,1.16249,71100000
2026-06-04T18:15:00+03:00,1.16249,1.16252,1.16242,1.1625,53550000
2026-06-04T18:16:00+03:00,1.16249,1.16262,1.16247,1.1626,57150000
2026-06-04T18:17:00+03:00,1.16258,1.16263,1.16255,1.16258,54900000
2026-06-04T18:18:00+03:00,1.16257,1.16257,1.16243,1.16244,52650000
2026-06-04T18:19:00+03:00,1.16245,1.16249,1.16242,1.16242,31050000
2026-06-04T18:20:00+03:00,1.16243,1.16243,1.16234,1.16241,69750000
2026-06-04T18:21:00+03:00,1.1624,1.16252,1.16239,1.1625,58500000
2026-06-04T18:22:00+03:00,1.16248,1.16253,1.16245,1.16251,88650000
2026-06-04T18:23:00+03:00,1.16251,1.16253,1.16249,1.1625,153000000
2026-06-04T18:24:00+03:00,1.16251,1.16253,1.16246,1.16249,77850000
2026-06-04T18:25:00+03:00,1.1625,1.16252,1.16238,1.16239,61200000
2026-06-04T18:26:00+03:00,1.16238,1.16238,1.16229,1.16234,58950000
2026-06-04T18:27:00+03:00,1.16234,1.16234,1.16223,1.16228,76950000
2026-06-04T18:28:00+03:00,1.16228,1.1624,1.16225,1.16239,81450000
2026-06-04T18:29:00+03:00,1.16238,1.16239,1.16233,1.16235,41850000
2026-06-04T18:30:00+03:00,1.16237,1.16246,1.16223,1.16245,138150000
2026-06-04T18:31:00+03:00,1.16245,1.16253,1.16242,1.16253,65700000
2026-06-04T18:32:00+03:00,1.16253,1.16259,1.16244,1.16245,94950000
2026-06-04T18:33:00+03:00,1.16246,1.16246,1.16238,1.16244,63450000
2026-06-04T18:34:00+03:00,1.16244,1.16248,1.16238,1.16247,75820000
2026-06-04T18:35:00+03:00,1.16247,1.16251,1.16244,1.1625,66600000
2026-06-04T18:36:00+03:00,1.16248,1.1626,1.16247,1.16259,74700000
2026-06-04T18:37:00+03:00,1.16261,1.16265,1.16256,1.16264,84150000
2026-06-04T18:38:00+03:00,1.16262,1.16263,1.16253,1.16253,55350000
2026-06-04T18:39:00+03:00,1.16253,1.16255,1.16249,1.16249,26550000
2026-06-04T18:40:00+03:00,1.1625,1.16254,1.16249,1.16249,63900000
2026-06-04T18:41:00+03:00,1.16249,1.16253,1.16245,1.16251,71100000
2026-06-04T18:42:00+03:00,1.16252,1.16252,1.16245,1.16247,41400000
2026-06-04T18:43:00+03:00,1.16248,1.16248,1.16239,1.16242,81900000
2026-06-04T18:44:00+03:00,1.1624,1.1624,1.16227,1.16236,66600000
2026-06-04T18:45:00+03:00,1.16235,1.16248,1.16226,1.16247,108450000
2026-06-04T18:46:00+03:00,1.16248,1.16253,1.16247,1.16247,57150000
2026-06-04T18:47:00+03:00,1.16247,1.16253,1.16243,1.16253,54000000
2026-06-04T18:48:00+03:00,1.16253,1.16258,1.16244,1.16244,56700000
2026-06-04T18:49:00+03:00,1.16243,1.16248,1.16237,1.16245,53550000
2026-06-04T18:50:00+03:00,1.16245,1.16261,1.16245,1.1626,70650000
2026-06-04T18:51:00+03:00,1.16261,1.16268,1.16258,1.16266,68850000
2026-06-04T18:52:00+03:00,1.16267,1.16285,1.16267,1.16276,69750000
2026-06-04T18:53:00+03:00,1.16278,1.16278,1.16273,1.16274,28350000
2026-06-04T18:54:00+03:00,1.16274,1.16274,1.16263,1.16269,52200000
2026-06-04T18:55:00+03:00,1.16266,1.16277,1.16266,1.16275,53100000
2026-06-04T18:56:00+03:00,1.16276,1.1629,1.16275,1.16287,43200000
2026-06-04T18:57:00+03:00,1.16287,1.16297,1.16284,1.16294,103050000
2026-06-04T18:58:00+03:00,1.16292,1.16295,1.16283,1.16283,108000000
2026-06-04T18:59:00+03:00,1.16284,1.16285,1.16279,1.16281,72900000
2026-06-04T19:00:00+03:00,1.16282,1.1629,1.16282,1.16285,105300000
2026-06-04T19:01:00+03:00,1.16284,1.16284,1.16275,1.16278,92250000
2026-06-04T19:02:00+03:00,1.1628,1.16281,1.16275,1.16278,59400000
2026-06-04T19:03:00+03:00,1.16278,1.16281,1.16275,1.16278,44550000
2026-06-04T19:04:00+03:00,1.16278,1.1628,1.16272,1.16272,54900000
2026-06-04T19:05:00+03:00,1.16272,1.16277,1.16272,1.16275,41850000
2026-06-04T19:06:00+03:00,1.16277,1.16283,1.16275,1.16275,66150000
2026-06-04T19:07:00+03:00,1.16275,1.16279,1.16275,1.16279,24300000
2026-06-04T19:08:00+03:00,1.16279,1.16285,1.16272,1.16276,73350000
2026-06-04T19:09:00+03:00,1.16276,1.16285,1.16276,1.16282,49500000
2026-06-04T19:10:00+03:00,1.16283,1.16289,1.16283,1.16289,27000000
2026-06-04T19:11:00+03:00,1.16288,1.16288,1.16272,1.16275,40500000
2026-06-04T19:12:00+03:00,1.16276,1.16276,1.16263,1.16271,61650000
2026-06-04T19:13:00+03:00,1.16271,1.16279,1.1627,1.16278,25650000
2026-06-04T19:14:00+03:00,1.16278,1.1628,1.16271,1.16275,27000000
2026-06-04T19:15:00+03:00,1.16276,1.16277,1.16269,1.1627,14850000
2026-06-04T19:16:00+03:00,1.16267,1.16278,1.16267,1.16278,39600000
2026-06-04T19:17:00+03:00,1.16277,1.16297,1.16277,1.16294,35550000
2026-06-04T19:18:00+03:00,1.16294,1.16295,1.16288,1.16291,31500000
2026-06-04T19:19:00+03:00,1.16289,1.1629,1.16286,1.16286,45900000
2026-06-04T19:20:00+03:00,1.16285,1.16285,1.16274,1.16279,43200000
2026-06-04T19:21:00+03:00,1.16277,1.16285,1.16277,1.16283,50400000
2026-06-04T19:22:00+03:00,1.16284,1.16287,1.16282,1.16286,20700000
2026-06-04T19:23:00+03:00,1.16286,1.16289,1.16286,1.16286,10800000
2026-06-04T19:24:00+03:00,1.16285,1.16285,1.16278,1.16278,32400000
2026-06-04T19:25:00+03:00,1.16279,1.16283,1.16279,1.16282,17550000
2026-06-04T19:26:00+03:00,1.16283,1.16283,1.1628,1.16282,24300000
2026-06-04T19:27:00+03:00,1.16284,1.16288,1.16282,1.16287,14400000
2026-06-04T19:28:00+03:00,1.16285,1.16286,1.16284,1.16286,14850000
2026-06-04T19:29:00+03:00,1.16285,1.16287,1.1628,1.16281,22950000
2026-06-04T19:30:00+03:00,1.16281,1.16284,1.16279,1.16279,37800000
2026-06-04T19:31:00+03:00,1.16278,1.16279,1.16273,1.16275,49500000
2026-06-04T19:32:00+03:00,1.16274,1.16278,1.16266,1.16268,60300000
2026-06-04T19:33:00+03:00,1.16268,1.16275,1.16267,1.16274,46800000
2026-06-04T19:34:00+03:00,1.16274,1.16288,1.16264,1.16264,79650000
2026-06-04T19:35:00+03:00,1.16264,1.16264,1.16253,1.16258,66600000
2026-06-04T19:36:00+03:00,1.1626,1.16262,1.16257,1.16262,45000000
2026-06-04T19:37:00+03:00,1.16264,1.16267,1.16263,1.16263,14400000
2026-06-04T19:38:00+03:00,1.16262,1.16275,1.16262,1.16272,29250000
2026-06-04T19:39:00+03:00,1.16273,1.16274,1.16263,1.16264,55800000
2026-06-04T19:40:00+03:00,1.16265,1.16268,1.16263,1.16268,12600000
2026-06-04T19:41:00+03:00,1.16267,1.16274,1.16265,1.1627,26550000
2026-06-04T19:42:00+03:00,1.16269,1.16269,1.16263,1.16268,12150000
2026-06-04T19:43:00+03:00,1.16269,1.16269,1.16262,1.16263,36000000
2026-06-04T19:44:00+03:00,1.16263,1.16264,1.16262,1.16263,14400000
2026-06-04T19:45:00+03:00,1.16262,1.16262,1.16247,1.16248,33750000
2026-06-04T19:46:00+03:00,1.16249,1.16254,1.16249,1.16253,28350000
2026-06-04T19:47:00+03:00,1.16252,1.16253,1.16246,1.16249,60300000
2026-06-04T19:48:00+03:00,1.1625,1.16252,1.16243,1.16252,58950000
2026-06-04T19:49:00+03:00,1.1625,1.16253,1.16248,1.16253,24300000
2026-06-04T19:50:00+03:00,1.16253,1.16253,1.16246,1.16247,31500000
2026-06-04T19:51:00+03:00,1.16248,1.16251,1.16248,1.16248,28800000
2026-06-04T19:52:00+03:00,1.16249,1.1625,1.16248,1.16249,17100000
2026-06-04T19:53:00+03:00,1.1625,1.1625,1.16236,1.16238,46350000
2026-06-04T19:54:00+03:00,1.1624,1.16243,1.16238,1.16239,34200000
2026-06-04T19:55:00+03:00,1.16242,1.16245,1.16239,1.16245,37350000
2026-06-04T19:56:00+03:00,1.16244,1.16249,1.16244,1.16244,34200000
2026-06-04T19:57:00+03:00,1.16245,1.16247,1.16238,1.16239,28800000
2026-06-04T19:58:00+03:00,1.16238,1.16238,1.16232,1.16232,35550000
2026-06-04T19:59:00+03:00,1.16234,1.16238,1.16231,1.16234,31050000
2026-06-04T20:00:00+03:00,1.16234,1.16234,1.16227,1.16231,54000000
2026-06-04T20:01:00+03:00,1.16233,1.16235,1.16228,1.16233,45450000
2026-06-04T20:02:00+03:00,1.16233,1.16239,1.16231,1.16231,67500000
2026-06-04T20:03:00+03:00,1.16232,1.16235,1.16229,1.16231,36000000
2026-06-04T20:04:00+03:00,1.16231,1.16233,1.16228,1.16228,45450000
2026-06-04T20:05:00+03:00,1.1623,1.16234,1.16229,1.16233,39600000
2026-06-04T20:06:00+03:00,1.16234,1.16234,1.16225,1.16225,49950000
2026-06-04T20:07:00+03:00,1.16227,1.1623,1.16224,1.16225,92700000
2026-06-04T20:08:00+03:00,1.16224,1.16224,1.16221,1.16223,27000000
2026-06-04T20:09:00+03:00,1.16222,1.16222,1.16216,1.16218,32400000
2026-06-04T20:10:00+03:00,1.16218,1.16228,1.16218,1.16222,45450000
2026-06-04T20:11:00+03:00,1.1622,1.16222,1.16218,1.16221,33750000
2026-06-04T20:12:00+03:00,1.1622,1.1622,1.1621,1.1621,23400000
2026-06-04T20:13:00+03:00,1.16211,1.16214,1.16211,1.16214,10350000
2026-06-04T20:14:00+03:00,1.16214,1.16214,1.16213,1.16214,17550000
2026-06-04T20:15:00+03:00,1.16213,1.16216,1.16211,1.16214,32400000
2026-06-04T20:16:00+03:00,1.16213,1.16215,1.1621,1.16211,18900000
2026-06-04T20:17:00+03:00,1.16212,1.16216,1.16207,1.16214,49050000
2026-06-04T20:18:00+03:00,1.16214,1.16215,1.16211,1.16215,19350000
2026-06-04T20:19:00+03:00,1.16213,1.16219,1.16213,1.16219,47700000
2026-06-04T20:20:00+03:00,1.16217,1.1622,1.16215,1.16217,40050000
2026-06-04T20:21:00+03:00,1.16217,1.16217,1.16207,1.16207,25200000
2026-06-04T20:22:00+03:00,1.16208,1.1621,1.16207,1.16209,38700000
2026-06-04T20:23:00+03:00,1.16208,1.16208,1.16208,1.16208,1800000
2026-06-04T20:24:00+03:00,1.16208,1.16212,1.16206,1.1621,49950000
2026-06-04T20:25:00+03:00,1.16209,1.16209,1.16207,1.16208,12150000
2026-06-04T20:26:00+03:00,1.1621,1.1621,1.16208,1.16209,27000000
2026-06-04T20:27:00+03:00,1.16206,1.16208,1.16206,1.16208,17100000
2026-06-04T20:28:00+03:00,1.16207,1.16207,1.16203,1.16204,52200000
2026-06-04T20:29:00+03:00,1.16203,1.16204,1.16199,1.16202,39600000
2026-06-04T20:30:00+03:00,1.16201,1.16208,1.16201,1.16207,32400000
2026-06-04T20:31:00+03:00,1.16206,1.16209,1.16204,1.16206,20250000
2026-06-04T20:32:00+03:00,1.16207,1.16213,1.16205,1.16212,79200000
2026-06-04T20:33:00+03:00,1.16211,1.16216,1.16209,1.16216,78750000
2026-06-04T20:34:00+03:00,1.16216,1.16217,1.16213,1.16216,82800000
2026-06-04T20:35:00+03:00,1.16216,1.16218,1.16206,1.16206,86400000
2026-06-04T20:36:00+03:00,1.16205,1.16207,1.16201,1.16203,90450000
2026-06-04T20:37:00+03:00,1.16205,1.16211,1.16204,1.16204,49050000
2026-06-04T20:38:00+03:00,1.16204,1.16204,1.16199,1.16201,31500000
2026-06-04T20:39:00+03:00,1.16202,1.16202,1.16198,1.16198,26100000
2026-06-04T20:40:00+03:00,1.162,1.16206,1.162,1.16201,29250000
2026-06-04T20:41:00+03:00,1.16202,1.16203,1.16199,1.16202,13500000
2026-06-04T20:42:00+03:00,1.16202,1.16206,1.16202,1.16205,13500000
2026-06-04T20:43:00+03:00,1.16206,1.16207,1.16203,1.16206,15300000
2026-06-04T20:44:00+03:00,1.16205,1.16208,1.16203,1.16206,16200000
2026-06-04T20:45:00+03:00,1.16204,1.16204,1.16199,1.16199,16200000
2026-06-04T20:46:00+03:00,1.16202,1.16202,1.16199,1.16199,8550000
2026-06-04T20:47:00+03:00,1.162,1.16203,1.16199,1.16203,10800000
2026-06-04T20:48:00+03:00,1.16202,1.16202,1.162,1.16201,42300000
2026-06-04T20:49:00+03:00,1.16202,1.16202,1.162,1.16201,15750000
2026-06-04T20:50:00+03:00,1.16201,1.16203,1.16201,1.16203,27900000
2026-06-04T20:51:00+03:00,1.16201,1.16208,1.16201,1.16207,18450000
2026-06-04T20:52:00+03:00,1.16207,1.16207,1.16204,1.16205,19800000
2026-06-04T20:53:00+03:00,1.16203,1.16204,1.16201,1.16204,12600000
2026-06-04T20:54:00+03:00,1.16205,1.16205,1.16199,1.16199,14400000
2026-06-04T20:55:00+03:00,1.16199,1.16205,1.16199,1.16203,17550000
2026-06-04T20:56:00+03:00,1.16203,1.16203,1.16197,1.16197,17100000
2026-06-04T20:57:00+03:00,1.16196,1.16206,1.16194,1.16206,46800000
2026-06-04T20:58:00+03:00,1.16206,1.1621,1.16205,1.16205,37800000
2026-06-04T20:59:00+03:00,1.16208,1.1621,1.16207,1.16207,13950000
2026-06-04T21:00:00+03:00,1.16206,1.16224,1.162,1.16221,91350000
2026-06-04T21:01:00+03:00,1.1622,1.16221,1.16215,1.16215,39600000
2026-06-04T21:02:00+03:00,1.16216,1.16218,1.16212,1.16214,49950000
2026-06-04T21:03:00+03:00,1.16214,1.16215,1.16213,1.16214,16200000
2026-06-04T21:04:00+03:00,1.16215,1.16215,1.16204,1.16206,42750000
2026-06-04T21:05:00+03:00,1.16207,1.1621,1.16206,1.16206,21150000
2026-06-04T21:06:00+03:00,1.16206,1.16206,1.16203,1.16204,7650000
2026-06-04T21:07:00+03:00,1.16204,1.1621,1.16203,1.1621,14400000
2026-06-04T21:08:00+03:00,1.1621,1.16213,1.16209,1.16212,12150000
2026-06-04T21:09:00+03:00,1.16211,1.16211,1.162,1.162,17550000
2026-06-04T21:10:00+03:00,1.16199,1.16202,1.16198,1.16202,20250000
2026-06-04T21:11:00+03:00,1.16202,1.16203,1.162,1.162,35100000
2026-06-04T21:12:00+03:00,1.16199,1.16199,1.16199,1.16199,2700000
2026-06-04T21:13:00+03:00,1.16197,1.16209,1.16197,1.16205,21600000
2026-06-04T21:14:00+03:00,1.16207,1.16207,1.16203,1.16203,24750000
2026-06-04T21:15:00+03:00,1.16204,1.16205,1.16202,1.16203,24750000
2026-06-04T21:16:00+03:00,1.16203,1.16203,1.16194,1.16194,21600000
2026-06-04T21:17:00+03:00,1.16194,1.16198,1.16194,1.16198,11700000
2026-06-04T21:18:00+03:00,1.16197,1.16197,1.16194,1.16194,8100000
2026-06-04T21:19:00+03:00,1.16195,1.16199,1.16195,1.16196,11700000
2026-06-04T21:20:00+03:00,1.16195,1.16197,1.16194,1.16197,15750000
2026-06-04T21:21:00+03:00,1.16197,1.16198,1.16196,1.16198,14400000
2026-06-04T21:22:00+03:00,1.16196,1.16198,1.16194,1.16194,12150000
2026-06-04T21:23:00+03:00,1.16195,1.16196,1.16188,1.16188,28350000
2026-06-04T21:24:00+03:00,1.16188,1.16191,1.16186,1.16186,17550000
2026-06-04T21:25:00+03:00,1.16187,1.16188,1.16185,1.16185,17550000
2026-06-04T21:26:00+03:00,1.16186,1.16186,1.16184,1.16184,6300000
2026-06-04T21:27:00+03:00,1.16184,1.16184,1.16181,1.16181,8100000
2026-06-04T21:28:00+03:00,1.16184,1.16187,1.16173,1.16174,47250000
2026-06-04T21:29:00+03:00,1.16173,1.16173,1.16163,1.16164,26550000
2026-06-04T21:30:00+03:00,1.16165,1.16167,1.16163,1.16167,42300000
2026-06-04T21:31:00+03:00,1.16166,1.16169,1.16163,1.16163,18900000
2026-06-04T21:32:00+03:00,1.16162,1.16163,1.16162,1.16163,2700000
2026-06-04T21:33:00+03:00,1.16163,1.16163,1.16149,1.16154,36900000
2026-06-04T21:34:00+03:00,1.16152,1.1616,1.16149,1.16159,34650000
2026-06-04T21:35:00+03:00,1.1616,1.16163,1.16159,1.16159,17100000
2026-06-04T21:36:00+03:00,1.16159,1.16159,1.16151,1.16156,58950000
2026-06-04T21:37:00+03:00,1.16155,1.16161,1.16155,1.16158,26550000
2026-06-04T21:38:00+03:00,1.16158,1.16164,1.16158,1.16164,26100000
2026-06-04T21:39:00+03:00,1.16162,1.16176,1.16161,1.16173,32850000
2026-06-04T21:40:00+03:00,1.16172,1.16172,1.16164,1.16164,29700000
2026-06-04T21:41:00+03:00,1.16166,1.16172,1.16166,1.16172,30150000
2026-06-04T21:42:00+03:00,1.16173,1.16177,1.16167,1.16177,76050000
2026-06-04T21:43:00+03:00,1.16176,1.16177,1.16171,1.16172,43200000
2026-06-04T21:44:00+03:00,1.16171,1.16172,1.16158,1.16162,42300000
2026-06-04T21:45:00+03:00,1.16162,1.16164,1.16161,1.16161,20700000
2026-06-04T21:46:00+03:00,1.16162,1.16172,1.16162,1.16169,75150000
2026-06-04T21:47:00+03:00,1.16169,1.16174,1.16167,1.16172,51750000
2026-06-04T21:48:00+03:00,1.16172,1.16172,1.16169,1.16172,25650000
2026-06-04T21:49:00+03:00,1.16173,1.16173,1.1616,1.1616,18450000
2026-06-04T21:50:00+03:00,1.16162,1.16162,1.16156,1.16159,32850000
2026-06-04T21:51:00+03:00,1.16161,1.16163,1.16156,1.16156,25650000
2026-06-04T21:52:00+03:00,1.16155,1.16156,1.16147,1.16147,23400000
2026-06-04T21:53:00+03:00,1.16146,1.16146,1.16143,1.16146,20700000
2026-06-04T21:54:00+03:00,1.16148,1.16148,1.16136,1.16143,27900000
2026-06-04T21:55:00+03:00,1.16144,1.16145,1.16135,1.16137,64350000
2026-06-04T21:56:00+03:00,1.16137,1.1614,1.16134,1.16134,31500000
2026-06-04T21:57:00+03:00,1.16136,1.16141,1.16132,1.16141,23850000
2026-06-04T21:58:00+03:00,1.16142,1.16143,1.16133,1.16142,34650000
2026-06-04T21:59:00+03:00,1.16141,1.1615,1.16141,1.1615,46800000
2026-06-04T22:00:00+03:00,1.16148,1.16161,1.16147,1.16161,104400000
2026-06-04T22:01:00+03:00,1.1616,1.1616,1.16153,1.16157,31050000
2026-06-04T22:02:00+03:00,1.16157,1.16158,1.16154,1.16154,23400000
2026-06-04T22:03:00+03:00,1.16153,1.16153,1.16143,1.16143,93600000
2026-06-04T22:04:00+03:00,1.16144,1.16147,1.16144,1.16144,46350000
2026-06-04T22:05:00+03:00,1.16144,1.16144,1.16137,1.16138,19800000
2026-06-04T22:06:00+03:00,1.16138,1.16138,1.16131,1.16132,17100000
2026-06-04T22:07:00+03:00,1.16134,1.16134,1.16123,1.16124,27450000
2026-06-04T22:08:00+03:00,1.16126,1.16127,1.16123,1.16124,30150000
2026-06-04T22:09:00+03:00,1.16124,1.16125,1.1612,1.16123,35100000
2026-06-04T22:10:00+03:00,1.16122,1.16126,1.16117,1.16117,31500000
2026-06-04T22:11:00+03:00,1.16117,1.16121,1.16117,1.16121,31500000
2026-06-04T22:12:00+03:00,1.1612,1.16122,1.16113,1.16113,45000000
2026-06-04T22:13:00+03:00,1.16115,1.16117,1.16112,1.16113,20250000
2026-06-04T22:14:00+03:00,1.16113,1.16118,1.16113,1.16118,42300000
2026-06-04T22:15:00+03:00,1.16122,1.16124,1.16122,1.16123,21150000
2026-06-04T22:16:00+03:00,1.16122,1.16128,1.16122,1.16128,39150000
2026-06-04T22:17:00+03:00,1.16127,1.16128,1.16122,1.16127,42750000
2026-06-04T22:18:00+03:00,1.16128,1.16128,1.16125,1.16128,22950000
2026-06-04T22:19:00+03:00,1.16128,1.16128,1.16124,1.16126,17550000
2026-06-04T22:20:00+03:00,1.16126,1.16126,1.16119,1.16126,31500000
2026-06-04T22:21:00+03:00,1.16124,1.16127,1.1612,1.16122,32850000
2026-06-04T22:22:00+03:00,1.16123,1.16128,1.16123,1.16127,39150000
2026-06-04T22:23:00+03:00,1.16126,1.16126,1.16124,1.16124,21150000
2026-06-04T22:24:00+03:00,1.16124,1.16127,1.16123,1.16123,13950000
2026-06-04T22:25:00+03:00,1.16123,1.16127,1.16123,1.16123,26100000
2026-06-04T22:26:00+03:00,1.16123,1.16124,1.16119,1.16122,45000000
2026-06-04T22:27:00+03:00,1.16124,1.16124,1.16122,1.16122,23850000
2026-06-04T22:28:00+03:00,1.16122,1.16123,1.16119,1.16123,24300000
2026-06-04T22:29:00+03:00,1.16121,1.16122,1.16119,1.16122,14400000
2026-06-04T22:30:00+03:00,1.16122,1.16128,1.16122,1.16127,22050000
2026-06-04T22:31:00+03:00,1.16127,1.16128,1.16119,1.16119,36900000
2026-06-04T22:32:00+03:00,1.16117,1.16118,1.16113,1.16115,40950000
2026-06-04T22:33:00+03:00,1.16118,1.16123,1.16117,1.1612,29700000
2026-06-04T22:34:00+03:00,1.16119,1.16122,1.16119,1.16122,2700000
2026-06-04T22:35:00+03:00,1.16121,1.16122,1.16118,1.16119,24300000
2026-06-04T22:36:00+03:00,1.1612,1.16122,1.16118,1.1612,17100000
2026-06-04T22:37:00+03:00,1.16119,1.16119,1.16113,1.16113,21150000
2026-06-04T22:38:00+03:00,1.16114,1.16117,1.16114,1.16115,17100000
2026-06-04T22:39:00+03:00,1.16115,1.16118,1.16114,1.16116,27900000
2026-06-04T22:40:00+03:00,1.16115,1.16119,1.16114,1.16117,28800000
2026-06-04T22:41:00+03:00,1.16115,1.16116,1.16112,1.16112,28800000
2026-06-04T22:42:00+03:00,1.16112,1.16113,1.16111,1.16112,19800000
2026-06-04T22:43:00+03:00,1.16112,1.16112,1.16108,1.16109,16650000
2026-06-04T22:44:00+03:00,1.16108,1.16113,1.16108,1.16113,6300000
2026-06-04T22:45:00+03:00,1.16113,1.16114,1.16108,1.16108,28350000
2026-06-04T22:46:00+03:00,1.1611,1.16113,1.16108,1.16113,68850000
2026-06-04T22:47:00+03:00,1.16113,1.16114,1.1611,1.1611,17550000
2026-06-04T22:48:00+03:00,1.1611,1.16114,1.16109,1.16109,13500000
2026-06-04T22:49:00+03:00,1.16106,1.1611,1.16105,1.1611,49500000
2026-06-04T22:50:00+03:00,1.16108,1.16113,1.16108,1.1611,47700000
2026-06-04T22:51:00+03:00,1.16111,1.1612,1.16111,1.16118,40500000
2026-06-04T22:52:00+03:00,1.16119,1.1612,1.16116,1.16119,16200000
2026-06-04T22:53:00+03:00,1.1612,1.16128,1.16119,1.16124,51750000
2026-06-04T22:54:00+03:00,1.16125,1.16131,1.16125,1.16131,34200000
2026-06-04T22:55:00+03:00,1.16129,1.1613,1.16123,1.16123,37610000
2026-06-04T22:56:00+03:00,1.16123,1.16125,1.16119,1.16123,60300000
2026-06-04T22:57:00+03:00,1.16123,1.16125,1.16119,1.16124,45000000
2026-06-04T22:58:00+03:00,1.16123,1.1613,1.16123,1.16126,58500000
2026-06-04T22:59:00+03:00,1.16126,1.16126,1.16121,1.16123,71550000
2026-06-04T23:00:00+03:00,1.16124,1.16125,1.16122,1.16123,32400000
2026-06-04T23:01:00+03:00,1.16124,1.16135,1.16122,1.16131,23400000
2026-06-04T23:02:00+03:00,1.16131,1.16132,1.16123,1.16123,28350000
2026-06-04T23:03:00+03:00,1.16122,1.16122,1.16119,1.1612,63900000
2026-06-04T23:04:00+03:00,1.16119,1.16128,1.16114,1.16128,37350000
2026-06-04T23:05:00+03:00,1.16126,1.16127,1.16119,1.16119,36900000
2026-06-04T23:06:00+03:00,1.16118,1.16119,1.16118,1.16118,4500000
2026-06-04T23:07:00+03:00,1.16117,1.16117,1.16114,1.16114,10800000
2026-06-04T23:08:00+03:00,1.16114,1.16114,1.16113,1.16114,3600000
2026-06-04T23:09:00+03:00,1.16113,1.16114,1.16109,1.16109,9450000
2026-06-04T23:10:00+03:00,1.1611,1.16112,1.16109,1.16112,7200000
2026-06-04T23:11:00+03:00,1.16111,1.16111,1.16106,1.16108,10350000
2026-06-04T23:12:00+03:00,1.16105,1.16106,1.16105,1.16106,8100000
2026-06-04T23:13:00+03:00,1.16105,1.16105,1.16102,1.16105,8100000
2026-06-04T23:14:00+03:00,1.16104,1.16104,1.16101,1.16101,17100000
2026-06-04T23:15:00+03:00,1.16099,1.16102,1.16099,1.16099,11700000
2026-06-04T23:16:00+03:00,1.16099,1.16101,1.16094,1.161,27450000
2026-06-04T23:17:00+03:00,1.16099,1.161,1.16099,1.161,1800000
2026-06-04T23:18:00+03:00,1.161,1.16108,1.161,1.16103,29250000
2026-06-04T23:19:00+03:00,1.16104,1.16104,1.16103,1.16103,3600000
2026-06-04T23:20:00+03:00,1.16104,1.16111,1.16104,1.16111,38250000
2026-06-04T23:21:00+03:00,1.16113,1.16113,1.16105,1.16105,10800000
2026-06-04T23:22:00+03:00,1.16105,1.16105,1.16095,1.16095,27000000
2026-06-04T23:23:00+03:00,1.16093,1.16093,1.16088,1.16088,13500000
2026-06-04T23:24:00+03:00,1.16091,1.16097,1.16088,1.16094,31050000
2026-06-04T23:25:00+03:00,1.16096,1.16098,1.16087,1.16087,31950000
2026-06-04T23:26:00+03:00,1.16087,1.16088,1.16087,1.16088,4950000
2026-06-04T23:27:00+03:00,1.16087,1.1609,1.16087,1.1609,9000000
2026-06-04T23:28:00+03:00,1.16094,1.16095,1.16091,1.16095,9900000
2026-06-04T23:29:00+03:00,1.16092,1.16092,1.16088,1.16092,22950000
2026-06-04T23:30:00+03:00,1.1609,1.16091,1.16088,1.16089,11700000
2026-06-04T23:31:00+03:00,1.16089,1.1609,1.16084,1.16084,20700000
2026-06-04T23:32:00+03:00,1.16082,1.16087,1.16081,1.16087,19800000
2026-06-04T23:33:00+03:00,1.16091,1.16096,1.16091,1.16095,13500000
2026-06-04T23:34:00+03:00,1.16095,1.16095,1.16094,1.16094,3150000
2026-06-04T23:35:00+03:00,1.16093,1.16093,1.16085,1.16086,16200000
2026-06-04T23:36:00+03:00,1.16086,1.16089,1.16086,1.16089,8550000
2026-06-04T23:38:00+03:00,1.16088,1.16093,1.16088,1.16092,12600000
2026-06-04T23:39:00+03:00,1.16094,1.16098,1.16094,1.16098,21150000
2026-06-04T23:40:00+03:00,1.16101,1.16102,1.16097,1.16098,20700000
2026-06-04T23:41:00+03:00,1.16099,1.16101,1.16098,1.161,11700000
2026-06-04T23:42:00+03:00,1.16099,1.16106,1.16099,1.16103,22950000
2026-06-04T23:44:00+03:00,1.16102,1.16104,1.16102,1.16103,11700000
2026-06-04T23:45:00+03:00,1.16104,1.16106,1.16104,1.16106,12600000
2026-06-04T23:46:00+03:00,1.16105,1.16105,1.16104,1.16104,9900000
2026-06-04T23:47:00+03:00,1.16106,1.16106,1.16102,1.16104,9900000
2026-06-04T23:48:00+03:00,1.16105,1.16107,1.16105,1.16106,4500000
2026-06-04T23:49:00+03:00,1.16106,1.16107,1.16104,1.16107,5400000
2026-06-04T23:50:00+03:00,1.16108,1.16113,1.16108,1.16113,14400000
2026-06-04T23:51:00+03:00,1.16111,1.16113,1.16109,1.16111,12600000
2026-06-04T23:52:00+03:00,1.1611,1.1611,1.16106,1.16109,27450000
2026-06-04T23:53:00+03:00,1.16109,1.16112,1.16109,1.1611,6300000
2026-06-04T23:54:00+03:00,1.16112,1.16113,1.16112,1.16113,2700000
2026-06-04T23:55:00+03:00,1.16112,1.16118,1.16112,1.16116,30600000
2026-06-04T23:56:00+03:00,1.16117,1.16118,1.16113,1.16115,30150000
2026-06-04T23:57:00+03:00,1.16113,1.16114,1.16107,1.16109,24300000
2026-06-04T23:58:00+03:00,1.16109,1.1611,1.16105,1.16107,60300000
2026-06-04T23:59:00+03:00,1.16106,1.16108,1.16095,1.16101,113400000